ph,Turbidity,Sulfate,Potability
7.036752103833548,2.9631353806316407,368.51644134980336,0
3.71608007538699,4.500656274942408,333.073545745888,0
8.099124189298397,3.0559337496641685,333.073545745888,0
8.316765884214679,4.628770536837084,356.88613564305666,0
9.092223456290965,4.075075425430034,310.13573752420444,0
5.584086638456089,2.5597082275565217,326.6783629116736,0
10.223862164528772,2.672988736934779,393.66339551509645,0
8.635848718500734,4.401424715445482,303.3097711592812,0
7.036752103833548,3.5950171809576155,268.646940746221,0
11.180284470721592,4.370561936655497,404.04163468409,0
7.360640105838258,3.662291782852457,326.62435345560164,0
7.974521648923869,4.011718108339787,333.073545745888,0
7.119824384264552,3.445756223321899,282.3440504739606,0
7.036752103833548,4.413974182974902,299.41578134685847,0
7.49623220797336,4.777382337225378,333.073545745888,0
6.347271760539316,4.376348290691898,364.4876872467604,0
7.051785800016845,4.268428857506186,333.073545745888,0
9.181560007151536,4.503660796179122,398.3505168222779,0
8.975464347533963,2.4360855903052734,333.073545745888,0
7.371050302429531,2.5602991476149146,335.75443859606526,0
7.036752103833548,4.13342264357917,333.073545745888,0
6.660212026118103,3.7497012410996176,310.93085831787846,0
7.036752103833548,5.459250956028731,326.943977743867,0
3.902475685915096,4.528522696326911,333.073545745888,0
5.400301780729467,4.824786389767524,328.3582406986835,0
6.514415093251676,5.200885076539757,323.5963490101317,0
3.4450618643852127,4.184396969028851,384.0070058017212,0
7.036752103833548,4.004871127571583,304.0019927974152,0
7.036752103833548,3.9915642477993063,395.3894903418456,0
7.036752103833548,6.0381849531835865,307.01179262256534,0
7.181448580829175,5.088859989138795,338.3364310774872,0
9.82548990813439,2.857472426051184,333.073545745888,0
10.43329098280438,5.057310516515726,307.70750861182404,0
7.414148196336244,3.160624468232638,387.1753164773568,0
7.036752103833548,5.029166724080735,333.073545745888,0
5.115817063771218,3.9020887676437535,323.8363839136296,0
3.641629777473381,3.464353035155024,286.0595560492713,0
5.618064405909149,2.8965469413044738,333.073545745888,0
7.036752103833548,2.90756391519334,333.073545745888,0
9.267187530763549,4.324004645618281,328.0775332014693,0
7.036752103833548,3.510004044590529,309.03932035276006,0
5.331940479018537,4.434820257956548,316.6751618281669,0
7.145771545218821,5.182590703980226,385.9756504867898,0
9.920691058768153,4.69070723013249,337.35052910963714,0
4.758439424671477,4.542801461749175,333.073545745888,0
5.702925976824722,4.137739016206605,333.073545745888,0
6.953864225511059,3.195710328196264,315.60659440039234,0
10.68296642580598,3.999775381550061,307.35258576592696,0
7.036752103833548,4.40558600033858,304.5352242338838,0
8.757257397440991,3.6261354416122304,317.88290049783706,0
7.036752103833548,3.048057223106976,299.8204779108216,0
7.80963189801941,2.447444463910633,247.2008260476431,0
6.652488090855707,3.742090426349668,288.0521917368515,0
9.14719705533692,3.7945315911032105,339.7519188007938,0
10.560744636218196,3.964686350022129,340.39037835517297,0
7.484254837727466,4.781188176562564,333.073545745888,0
8.520806572970303,3.9406045297946832,381.6493228718946,0
4.999413810796919,4.460683931737437,324.8930378422557,0
7.036752103833548,4.405385705659032,300.04423428111204,0
7.036752103833548,4.089907689677867,333.073545745888,0
3.9060783549561697,3.902879711657464,348.3594482139767,0
6.391353623832183,3.92374916929651,327.65054252170705,0
7.036752103833548,3.8556022119167,384.9437789484208,0
8.692092012708041,4.477960248233931,333.073545745888,0
8.085759800882219,4.068688909481666,333.073545745888,0
6.203977702278348,5.215689206119035,333.073545745888,0
5.058108868565138,5.106655774420084,374.4335045168568,0
7.036752103833548,4.620793451653219,333.073545745888,0
7.036752103833548,3.4397400415499195,326.9615175657507,0
7.261550522070718,3.636364182680497,349.26927130145657,0
7.16046723080874,3.8848910441472793,277.5990986210596,0
5.704764776213017,4.157533407489738,297.0781534785211,0
6.21727313516034,5.325833445695803,300.13127199830365,0
8.679934969964185,3.873470298448302,333.073545745888,0
7.036752103833548,4.655916598688822,344.4423936728914,0
6.897322141100197,5.022783630004574,333.073545745888,0
3.514545528745279,3.762615331099367,286.5228468169785,0
3.72250048593372,3.662837731991359,326.69401786030267,0
6.455004797496717,2.2934314064128625,314.7995982838096,0
7.316804753880919,3.508372649783596,376.93797230566565,0
1.844538366498842,5.013463351103733,333.073545745888,0
5.519125656437607,3.758995860323916,333.073545745888,0
7.408985466924612,3.772420927989514,311.4526625117488,0
5.976769618087598,2.9946710955082176,383.6571521070967,0
6.395359131671062,4.191217514711704,266.9084282807846,0
6.209642259708484,3.6125196149467143,333.073545745888,0
6.762832521891738,4.916579160751283,350.4452926972019,0
9.91871706385417,3.385508443856719,329.17842902607634,0
10.15544017022192,5.002467259922081,398.6477857459576,0
8.721726710620581,2.5550269039968736,377.40453818519927,0
7.036752103833548,4.383921813522324,329.2803146030727,0
7.036752103833548,3.355164642176155,357.30322096748097,0
6.099646705468387,3.172789769152877,333.073545745888,0
9.026787719511631,2.0190420182011657,373.5532353383944,0
6.953371603389549,3.651865808422898,304.2831932144039,0
6.140877556947864,5.359460295012964,329.23185293501894,0
7.077874006530455,4.764508264921448,341.98723407838395,0
5.488314309012512,5.066786271784542,280.6032866703198,0
7.205559174588729,3.710053125679874,289.7686965533282,0
9.177869865892433,3.1087699879134547,320.4214321786778,0
4.270716194733736,3.763905902952325,297.2067391683036,0
7.348844511550613,4.880875156180851,333.073545745888,0
8.526169869777789,5.083014141516923,308.39851553828527,0
7.036752103833548,3.995973787492761,329.03971017616493,0
2.612035914817261,4.765205370159007,333.073545745888,0
8.490571562027739,3.875556805136775,358.84711499708465,0
7.036752103833548,3.3985925873166565,334.0411862066902,0
8.858401531200467,5.525726338121716,348.40819490164074,0
6.09815652147278,3.9773623643299727,347.9304004157372,0
8.41997068212899,3.962478314282775,308.1426388528513,0
9.286155021432371,5.239981870081682,332.2393594928603,0
7.875895135481787,4.238589203481521,346.4032581373675,0
7.725332908074757,3.7248367036447,426.5435897565111,0
3.388090610523891,2.798600948267049,349.155998712752,0
6.745306715080959,3.9023525898765015,333.073545745888,0
7.036752103833548,5.6290156360573285,357.2267094963161,0
7.183825723393187,4.597165511526862,358.7247021216808,0
10.111976704648654,3.425763242173682,361.90292619839744,0
7.397413298543417,3.149157510432673,241.60753233585075,0
7.812804388310308,6.204846358828904,333.073545745888,0
6.877456932576713,3.827650071735445,307.3970883038859,0
7.036752103833548,4.664350321001553,333.073545745888,0
7.036752103833548,4.197595209206819,369.3100077981302,0
7.521051678672175,2.8807853472938367,333.073545745888,0
8.550875469289338,3.772886607458768,369.264222748674,0
10.308477656813704,3.285077052469842,369.5312063532323,0
7.036752103833548,5.052736766116998,433.9522119479901,0
7.371085073209565,4.4125895367028125,362.3001800484017,0
11.180694664461903,3.8098416540991424,333.073545745888,0
6.506487766502467,3.5487755887477364,326.66236831259846,0
6.643935774662305,3.8129529259917896,240.93672213751188,0
5.033773989751668,3.2449484773190638,320.1154970205283,0
6.91260756198984,2.6122489531921698,275.9082278598395,0
7.977635990880497,3.552129499701653,399.5831549217664,0
6.078335836509272,4.20158090550856,379.5277062923906,0
6.242414484103846,4.5087050978944845,319.3067850802741,0
6.063354789891076,3.4673369148168574,305.82855327870027,0
8.129585513966727,3.3625371351987914,334.4385388035782,0
9.56240594378952,3.7627198370300334,327.1188240167457,0
8.167792632308252,4.289395484098247,344.16113431571995,0
8.594416135206476,3.568991707976406,333.073545745888,0
7.036752103833548,3.679795034755029,333.073545745888,0
6.825467900630395,3.027449578045163,352.7021822368813,0
7.861177700998561,4.157656628375073,338.2138034436881,0
4.965773559644967,3.4217668494012576,311.5981359666635,0
6.207432967614718,3.549298841293145,325.90656176552847,0
7.036752103833548,4.417559791016322,333.073545745888,0
9.76925100608684,4.636556195256859,359.26854259335056,0
9.630665479903348,4.920091157959163,333.1483176590248,0
5.187471605436375,3.2032578962619933,333.073545745888,0
7.633570087677555,2.927066766886376,358.56628208672083,0
5.771199049813688,4.688959065495114,297.0093193941144,0
6.579969329401555,4.575931871590866,290.2898942591159,0
4.80115436807586,4.418638131667752,322.06244697172207,0
7.948815718151566,3.692250861269816,333.073545745888,0
6.906992171811655,2.124759352216301,340.10602778835107,0
7.036752103833548,4.444350199227698,343.635821280367,0
7.036752103833548,3.4631725477162503,308.56488629958307,0
8.46133087400179,3.771944146409479,384.85538150301073,0
7.726134807902507,3.72063690445242,340.27317142046405,0
7.036752103833548,3.777737413505429,333.073545745888,0
8.927078148301744,4.60186095914794,367.97555785867627,0
6.208015539719022,4.334615732320451,328.2820289976498,0
6.128425635295917,4.633823861920798,277.9517037266149,0
7.036752103833548,2.6789107131905774,339.9839345788829,0
7.308048848275572,3.696119711501417,384.56485247977776,0
7.036752103833548,4.35323858897122,333.073545745888,0
8.640886408909486,5.2631015720413785,352.3065857102104,0
7.036752103833548,4.1025294815021445,355.2659228857551,0
8.153210075272153,2.905788134056523,267.6368856420806,0
8.293720110388866,3.954715282670768,347.06224073011657,0
7.036752103833548,3.310858508001268,333.073545745888,0
7.036752103833548,3.7066017915406855,372.6002964294522,0
9.489972878325856,4.219967522355668,333.073545745888,0
7.83097634338162,4.588784656948855,292.5158244968426,0
4.430281211546542,4.384565155637755,298.37945836409085,0
7.240739638887768,3.556297467154506,340.9836833605511,0
7.036752103833548,3.6655217644695215,368.82103684917774,0
6.867301321799131,3.8235950398688825,297.6555748707137,0
6.129637014813746,4.615886181275908,348.8681540852299,0
7.917049443177883,3.659484624888592,424.7879958935085,0
6.511618075241813,4.850433707754168,345.75163845059745,0
5.32381558430839,2.8807218458729342,380.57647200065134,0
6.769572868656792,5.220540269610252,305.79495029776217,0
5.877974040440475,4.0322595038243865,279.7824004075164,0
9.534021716164196,2.7682389284849696,319.5764201936523,0
6.340027628047595,3.6860013242472816,363.0057551139804,0
8.661592429959121,3.6704310100631887,333.073545745888,0
5.653506134793232,5.198985503613217,299.6446113791317,0
6.6260121840753055,4.194313129305396,312.2470431487001,0
7.793833572993554,4.172935335264329,338.22959726982435,0
7.593127650277594,3.377337638120141,333.073545745888,0
7.362736501949787,4.408513182397498,316.9186484987878,0
9.32030544529501,4.20580973235456,271.67056164356967,0
3.719791644371925,2.7183977338802885,351.5554822099039,0
6.655605025818962,2.9516447152886705,333.073545745888,0
9.868877880662472,3.355489790912581,297.0841735120907,0
5.590614435866259,4.726845016869534,333.073545745888,0
5.554436511156818,2.0959140868029458,333.073545745888,0
4.126528715100222,4.460200983755287,261.44479767930693,0
5.970035656942926,5.428674071623728,315.18612058925714,0
7.036752103833548,4.600927568902867,333.073545745888,0
8.369154353699956,3.629749330548915,315.90112160498813,0
6.284248242254425,3.377132288772658,333.073545745888,0
11.26782838471403,4.153347001241887,333.073545745888,0
9.298018008096014,3.6813242439844016,333.073545745888,0
7.895469245942458,4.236947299515631,258.3128793986873,0
7.947485785725746,3.700853839705055,390.1042228776426,0
10.026159156427404,4.182277581713326,336.97294962953515,0
6.48819323961521,4.592073570820997,385.5056353657395,0
5.869736755337525,4.689315047790611,352.5639869759799,0
7.036752103833548,3.659974811789956,335.8458627247201,0
5.304142660215901,4.165723663998691,300.50068924411187,0
7.533614822992929,3.462763987423452,333.073545745888,0
4.07760772456597,2.758658531189276,333.073545745888,0
7.036752103833548,3.873853349593973,333.073545745888,0
7.0861684008433095,3.4165397533412,259.37332176941635,0
6.271012171064563,5.303581360575867,333.073545745888,0
7.95776834399615,3.4507458924446017,397.431962226721,0
8.875642278454443,4.006991558563305,351.9607231772035,0
7.036752103833548,4.358298340908286,313.7765457896923,0
6.613709117641848,3.539771111373992,295.23689211539164,0
7.735705021751655,2.1486115361452747,282.53989232753565,0
9.925041328429108,4.703803488576944,351.5974226871131,0
9.002583109651113,4.904837414733298,330.36151226896965,0
5.095766464935885,4.352193469514868,380.2014982103235,0
8.594677108362674,4.754072499317674,383.9625917765638,0
7.083779060507377,3.887680684530791,234.85269925804803,0
7.682872498072526,3.778606787628922,296.2388768643903,0
7.036752103833548,3.313199021657446,333.073545745888,0
6.419772473512519,3.095233156816077,333.073545745888,0
4.443238899143103,3.268324835835596,298.57667599919296,0
6.978664262373817,4.766943236072579,323.1557768835911,0
6.623613565745125,2.9151659507443948,311.72628825094733,0
3.664710561719395,3.3161576568421625,330.02353056666266,0
4.814135620889671,5.190851804612128,350.4879386993514,0
5.779673705175217,4.656377232957477,333.073545745888,0
6.93781878337901,3.724089564346497,333.073545745888,0
7.436782609345538,3.727663719207471,339.0238981601926,0
4.723312573250525,3.917586695104175,378.56030360783154,0
9.380658050788323,4.034349047158281,333.3344692970964,0
7.810144933196836,4.033773709343139,325.22888082252274,0
9.436637164251444,4.411117439774963,333.073545745888,0
9.406325752898285,3.097277957477165,355.47303468825606,0
6.32125931522299,4.5014572038139855,286.4892804214003,0
7.036752103833548,3.605154198874472,333.073545745888,0
4.7053564957747,3.437450134017187,333.073545745888,0
8.896418988301798,3.700945732714745,332.0026304057902,0
6.581878201548969,4.201662864465836,416.0834805385996,0
6.755145901551625,5.162729749397485,342.5480142026662,0
9.445129837868656,3.8751652466165463,310.583373858597,1
9.024845037417505,3.985250505743576,300.15037702033186,1
7.036752103833548,2.7473129992921272,333.073545745888,1
6.800119090315878,3.854939899721073,187.1707143624393,1
7.174135162807995,3.939895656598684,287.0856791225615,1
7.657991236998258,2.437296287559579,373.1653628100853,1
8.322986672402298,4.052135727552661,297.81308453289193,1
5.934279093094346,5.217895023653352,333.073545745888,1
9.80272078232571,2.764633881427262,323.1990765186457,1
6.101955230748901,3.5355963295430235,308.48269542902284,1
4.997770601283687,3.4046329060198497,374.2329605843208,1
4.815766790717072,4.37522381127182,278.7422963817948,1
6.548020558130832,3.6118603716661046,366.8715020205729,1
13.175401724233025,4.106924490038661,375.1473147568442,1
6.618010905584669,4.437695749140042,432.5563849636954,1
7.788054732605206,3.3687572170739832,360.6682590490468,1
5.191834327140628,3.859800939300224,323.10928513649435,1
5.626339528125955,1.94331877663582,333.073545745888,1
6.869638941459091,4.72670245351097,279.7768565455964,1
9.058628424072683,3.652134470079709,343.2339769805977,1
7.29188832527326,5.328712788466374,247.33541192889663,1
7.275908773683996,5.062297798479729,293.3098536568155,1
6.512737123980129,4.612963629350583,192.0335916758116,1
7.207886781343905,3.762741072399466,320.102172631951,1
7.036752103833548,3.772919264661592,352.35343088747163,1
5.324941855611651,4.427137925692965,180.20674636482343,1
7.082300649174803,3.485577388223123,350.40184898110226,1
5.334183579602803,5.091357101284415,333.073545745888,1
10.761897799889317,4.661798516052168,318.42724084571626,1
6.286806948436977,4.1048632751894125,328.68064962605115,1
9.79455869937693,2.9454187377034105,291.980083478375,1
8.210443565143713,4.976055159693945,243.48594183486807,1
6.9417194379777,4.563183171238155,333.073545745888,1
10.356118827208377,4.201849441297085,327.92275104512413,1
7.958984291884183,4.698007916123446,259.9799661706749,1
3.882631081313793,3.734001386870361,333.073545745888,1
5.671773833095615,3.833159745782932,333.073545745888,1
10.003300539211928,4.746381859076648,333.073545745888,1
6.552847474374976,4.687986155246704,274.90435120291863,1
7.628552723143854,4.182057147919716,255.04319358074315,1
4.790840540243071,3.258858945031528,377.2411613367027,1
7.710959938844849,4.288946820394494,390.5963919764623,1
8.291299005968142,3.4247019206523897,275.7673210671818,1
6.193170101205059,3.466645288112605,333.073545745888,1
9.032660579144682,4.927218272272612,372.92745570034015,1
6.139493740895693,3.260906852708671,333.073545745888,1
7.129424730462989,3.418610802866979,312.9827267084476,1
7.036752103833548,4.109590274369244,355.4887658439758,1
5.418503763025523,4.506539591260472,333.073545745888,1
8.075494507899103,3.682919645453329,298.737219288431,1
7.036752103833548,4.08170139800861,377.1289704427131,1
10.04967371845643,5.133477823277881,323.5080720095449,1
5.667650646643197,3.633213756490487,293.5742499094306,1
7.036752103833548,3.8079200615963935,298.2267188011107,1
8.92398060773871,4.155583189522957,333.073545745888,1
6.428866313188399,4.184783371809045,333.073545745888,1
6.960603501688507,4.978820187753845,333.073545745888,1
5.873675845828995,5.412090884919163,333.073545745888,1
6.795469009842269,5.163088153779066,316.9569344844357,1
10.041027974912506,3.8075626058306695,363.86689020030826,1
7.036752103833548,4.12478067750866,233.79258796565057,1
7.296037733901175,4.168526117629012,377.190665708766,1
7.036752103833548,3.4975773906550995,350.4309402970908,1
5.862641232845869,5.507420939572829,412.6901113506213,1
7.29214180515922,4.466912564165001,259.16496516577706,1
8.062805643024472,4.471842000471335,333.073545745888,1
7.821970940156012,3.532958335149624,324.8516586602633,1
11.301793996392291,3.309580397460676,337.50124660282654,1
6.593764313289441,2.346578095251962,333.073545745888,1
9.161088612884836,4.888061137333914,343.2892340426031,1
7.036752103833548,5.922581691937248,353.6072754142723,1
4.642953052237968,3.982867293106576,333.073545745888,1
7.798453676201213,4.107267203260775,258.1911841475428,1
5.564342490630351,2.2859878491983503,329.33836637555214,1
7.88659122732868,4.589983507854727,281.70077681472634,1
7.443189014292676,2.6648327961143745,333.073545745888,1
3.657123132566738,3.3146297303616934,333.073545745888,1
9.597191856878178,5.145152870605282,346.0750158091867,1
6.9642259425787305,3.9904375721644056,321.25089808107344,1
7.672909522943807,4.268227481536438,343.439017311167,1
6.7370040722130575,4.063170288841773,333.073545745888,1
7.036752103833548,4.135745328854322,296.1902616244719,1
5.382489039471649,4.173330283253801,397.7000650145908,1
7.022952113429302,4.971907098518464,262.06455140067135,1
7.036752103833548,2.9691360985959387,377.3580484216207,1
10.026223807942117,3.736228470573536,385.4026594938689,1
5.583832998476663,3.870156920624293,333.073545745888,1
7.952929115572246,5.260014766135651,333.073545745888,1
5.500186640904189,4.178478951476263,347.81651449635694,1
7.54370046605691,3.630536578397464,289.9599528593499,1
6.848331559049443,4.396604556065476,373.9917105012362,1
7.036752103833548,3.7795544920225694,256.6300681797868,1
5.9102517293372046,3.660922907594773,363.384682669612,1
8.716820333772386,3.2051287672092674,333.073545745888,1
6.016889135653399,4.422269232921709,333.073545745888,1
9.567822726280443,4.197919054995084,444.9705519713224,1
4.296247023728075,4.16332898150423,414.6367262353186,1
3.551579176967154,3.965993969608624,333.073545745888,1
8.52966934763357,3.776040837433535,309.5419773916116,1
8.065339036104211,3.75639170748219,315.18040538058506,1
9.158445163262003,4.525236730798256,333.8122637665636,1
8.848586282929045,4.014681857976119,182.39737024563613,1
9.495456381941786,4.168541279325788,388.76865661556434,1
8.052893916459475,3.6348445415750232,338.3969096955494,1
2.798549098862777,3.6632522218404526,333.073545745888,1
6.425873866275697,3.731936502753873,365.4536552185631,1
7.757269665668284,4.165432285611471,363.6848143032816,1
7.748654706492547,2.51181049287789,217.0006070682694,1
5.117390302624234,3.9371884418353353,371.6493915314526,1
7.481535362094441,4.262065436945668,407.2965498146374,1
5.374222584708865,3.642778438412919,384.5628382049877,1
7.063646975622253,3.395866240165589,376.0461562079458,1
6.87645104288265,4.54534092739007,363.83170570613646,1
4.812433652167467,3.020995900341481,398.1619035842361,1
4.99353073414005,3.153809336970371,333.073545745888,1
4.78886106249815,2.8968521864425583,187.42413089573412,1
4.037287739350788,3.045048569942414,333.073545745888,1
6.505872509363588,4.497528596739858,341.72823932230995,1
6.77977396685122,2.729104523430528,333.073545745888,1
6.952511673596021,4.105495485312567,333.073545745888,1
5.628406919430697,5.050683115260018,293.9242727590375,1
5.966000488790355,4.177139265761123,404.60998206731705,1
6.3194315449597305,2.6531266883388063,275.5917457297022,1
8.027247869950068,3.480640836854313,333.073545745888,1
8.882684452292407,3.8279208670614113,333.073545745888,1
5.991283475366895,4.840562301475423,329.73154660168296,1
10.272444272154384,3.179884727399671,269.6466556128218,1
7.036752103833548,4.72812398548281,333.073545745888,1
6.105140135043556,3.1030898440692822,338.7713073274613,1
9.443358884146123,3.4866464085132063,315.80565878312143,1
6.887414371129534,4.564188355184362,253.8305521524881,1
6.512900833266178,4.404040364778451,375.6123180118668,1
5.772718094851822,6.494249467472996,273.2794476612648,1
4.912557262009445,4.897372508450066,280.9336642514092,1
9.73956194896991,2.568079876725237,385.05913433199646,1
5.5419790193089264,3.6729759831771327,209.47105843525284,1
7.036752103833548,3.6017354805033044,258.392682912011,1
7.036752103833548,3.4517400465867496,333.073545745888,1
6.448931033409073,3.6221955223639024,314.590477169241,1
5.477912294546052,3.774256121104987,340.62380552585284,1
8.544708661673045,2.3181524802481963,350.39708194090184,1
7.37859701625866,3.215219463201259,333.073545745888,1
6.664003050003359,2.227727884059556,346.58455649654934,1
6.775582812405084,4.333636278302867,333.073545745888,1
8.736371210915214,3.802116117316719,329.0042049896143,1
7.146976296126542,4.025762215893221,320.10087527999696,1
7.036752103833548,5.6522221130790165,359.6658351668334,1
5.040331692395899,3.603325615207352,328.329579682243,1
7.036752103833548,4.003819011511167,348.23971946864805,1
7.745499128179053,4.043334781475608,333.073545745888,1
6.259651602740059,4.213405262223435,256.47383860292905,1
8.596391179552715,3.519884366217547,422.9904130190936,1
5.767349596865663,3.896090487367949,315.4049171336671,1
7.0889406421502255,5.661104287047449,321.29614145628665,1
8.029181612754343,4.388551011831945,283.2704951086299,1
7.036752103833548,4.120931424045978,262.52645596294246,1
4.72578556493077,3.156331419586468,378.9986844595122,1
8.195765359895596,3.218709224251616,327.1938978986331,1
6.4437536684450585,4.498684931428612,435.6727646007556,1
7.039094321089831,4.366031350632882,389.8892709414269,1
7.036752103833548,4.407566169075395,333.073545745888,0
7.036752103833548,5.110414148991792,346.48618873704487,0
6.945224092344811,4.823082013933822,337.96389055440017,0
5.742110407437118,3.323069563743198,318.3766763853137,0
5.596627849736466,5.235111120685716,303.7341659167977,0
7.350378986684694,3.6639221839230154,309.4168828022096,0
6.262798867453871,4.0125175583490025,349.73466158479204,0
9.927023723224528,4.051733473083127,340.2378242732727,0
5.381407519092974,4.364066934823452,312.35493798274183,0
4.961352728384606,3.902837833888625,295.131831185993,0
6.4570975247378914,2.637364885184688,335.9701137014056,0
6.53936951037342,4.527364378116469,336.9748612668876,0
6.252410004649734,2.722908160538052,303.7916880582656,0
7.967344823111111,4.069358772118035,325.4968478984836,0
7.036752103833548,4.825792283459244,351.0644583570087,0
7.60952119012474,3.145842902755236,310.63244990609746,0
6.887863943894864,5.454487652366452,334.0980227111919,0
9.879071257570804,4.218831154474738,366.8176388395701,0
7.638761770450097,4.496626599284417,362.3328716997573,0
6.961891686003921,3.4467284598639263,343.8272756683763,0
8.060609623630814,3.6009056695460324,361.97042412905046,0
7.240271791102996,3.832597166985505,328.35920602699804,0
7.486779708528253,5.048833995025392,342.4535457088596,0
8.410460642866257,2.977359946090722,362.48956029154095,0
6.143921454143699,3.476213303592504,287.6981570714125,0
6.096179889884819,5.142471131650314,333.073545745888,0
6.3848240094579065,4.144998517816148,297.1855494832449,0
9.46266601699853,2.850183765643185,387.09872005511255,0
7.868147086463669,4.315898406460025,337.9160907650076,0
5.873157137066786,5.120887964619865,319.35674331995256,0
7.036752103833548,5.14411422012617,320.6934845979114,0
6.529304448100373,3.361088406841675,333.073545745888,0
5.152203721876962,4.689842817950895,333.073545745888,0
7.858662778844826,3.42247052094365,341.3418986714621,0
7.704410252313842,3.0313643685904275,333.073545745888,0
6.728004385653386,4.410697353226663,319.46349086183164,0
10.46450247726032,4.956358408285043,333.073545745888,0
9.112786250314787,4.567087633865015,330.9342897660254,0
8.07980835815327,3.6110574411161216,333.58254177929126,0
7.078659419377965,3.696640140724124,334.1611266826414,0
7.036752103833548,4.093097748782288,343.31802082745713,0
8.043889299098865,3.1599493699500583,328.93981708544,0
7.040244978430556,3.993409763685828,320.94884424973674,0
5.483974108801343,4.063613621049694,322.73309440942603,0
8.534406879569957,2.5447337011519235,366.1462493572561,0
7.26659453474728,3.357439470656984,327.17225244295366,0
6.256651147926919,4.181050752789532,333.073545745888,0
7.240351005742477,3.782971899999771,314.04313722531634,0
8.692115322047213,2.283475159435164,347.9751368047353,0
8.639540977998708,4.192932215458884,355.2138965988797,0
7.179864148534108,3.878447313763328,341.3024863096711,0
7.163999222574383,3.3543222667273684,320.25891722842846,0
8.926113143092786,2.752134121425607,341.52687340850866,0
6.35311030182946,2.856175486931272,348.20986313265814,0
6.681553567542745,2.9567480753018724,309.23700929091484,0
5.44532598066911,3.946989523134861,331.58748389562743,0
7.539881892843843,4.531593669500014,333.07963014214306,0
7.036752103833548,4.482459763675931,303.3271816401638,0
4.370476580258797,4.64938203413864,301.02218217666064,0
10.316400384553162,3.4073494284238364,397.7549459751925,0
6.599593818953803,4.702310752770497,331.49563679988063,0
4.197583589415031,5.206480177207682,333.073545745888,0
7.920794564373236,3.3743265226271983,356.768119344542,0
6.330732765446402,3.9400004233930663,333.073545745888,0
7.036752103833548,5.128346524187511,333.073545745888,0
7.76414261000218,4.105178268056135,333.073545745888,0
8.237142633897012,4.93910944137509,356.0917613374257,0
5.6792341150880805,2.3395727358561844,322.1693829985104,0
7.417570368300503,4.671557881112399,333.073545745888,0
4.775983438506525,4.382161618971923,329.1439120958413,0
7.865094970430806,4.795025554920153,333.073545745888,0
5.903465715091598,4.5870867193147005,313.648071698207,0
7.705711006313976,3.8619560774085047,334.88991057789354,0
7.815121777828159,3.096163272201657,335.6387256514536,0
6.139743031734375,3.841221573687875,318.0260869386588,0
5.041405027891031,4.543685761333924,322.1069974621493,0
8.675192691679182,4.978575359632432,356.8054650244746,0
7.689358003612376,4.978556094767624,320.47810589685275,0
8.57012912066282,4.60440456098565,333.073545745888,0
5.6717623259348064,3.268693506763812,339.0564796128674,0
6.624806427804383,2.8409107556338893,312.3152294325907,0
6.541007699013848,2.355934229271096,328.9985402091007,0
7.036752103833548,6.739,342.9376748915926,0
9.241197563363231,5.265728857736182,333.073545745888,0
7.036752103833548,4.514981623747227,289.20840765703315,0
6.340809022225877,5.458609690232223,342.4477002050769,0
5.980357226763917,4.24724014869094,356.1666134614901,0
7.605978830252509,3.242849929074104,333.073545745888,0
6.427512442841498,6.032994877321904,329.6952227420036,0
7.036752103833548,3.888235227107233,333.073545745888,0
6.109073311509666,4.881101138250652,312.2019838188006,0
5.842933080915621,4.143224936339837,331.4776492735007,0
5.367546490440581,4.267189590792987,333.073545745888,0
5.345887146753815,2.9503609427959407,319.0304951001364,0
5.386307352101625,3.6625634650940575,318.7916672292244,0
9.919478425557038,4.117488039506429,363.0368508408951,0
7.036752103833548,4.328026356733113,324.541596304084,0
7.121458434633312,3.7746005260862687,333.073545745888,0
9.418296121790158,4.604633153598903,358.29206415435345,0
7.457164758414311,4.106543051529011,333.073545745888,0
5.272227560197716,5.068556188550558,333.073545745888,0
7.291957039597602,4.237643894270578,339.82901389730023,0
7.803833220697706,2.9073872665012983,333.073545745888,0
6.844350911056747,2.877062813201912,333.073545745888,0
5.608745231813571,4.644211644910143,323.3933401888737,0
5.701154644911616,3.403136416178923,310.1605448625213,0
5.412762497595831,4.091205592856339,307.62146151677103,0
7.036752103833548,3.912148350676072,387.0708235323745,0
5.018132384268232,4.286478967398262,297.01327205054207,0
4.552238410542729,3.932804333605565,333.073545745888,0
7.036752103833548,4.613578721749679,319.52268898784206,0
7.025305941689352,5.989542790855565,335.5487189196007,0
5.770620969105658,4.240821477653531,318.788932932303,0
8.437875983021623,3.815468994490743,361.7796821265965,0
5.90707826866672,4.296479908726679,312.32994736609527,0
6.8983413301771686,5.371284155719341,333.073545745888,0
10.252734368477768,3.2903724922745674,369.2977086485564,0
8.206499937809191,4.225120930188118,347.1325620128893,0
7.286167388039818,4.686019915871022,336.04883168912306,0
8.809296431775966,3.879053740492374,320.79938221416285,0
6.641500687280974,4.694311215541648,318.408397185988,0
6.145148360574157,4.600885754944692,288.1578825361206,0
5.906441764582054,4.807495941814587,312.015798244762,0
5.389845930491161,3.5776749209970067,314.2375769104837,0
5.006562979263787,3.665205612498673,289.9757766678206,0
6.503638200451563,4.963184434039489,334.1031197774128,0
9.606858896121905,4.405351951779622,333.073545745888,0
8.742229881827978,2.8423931855932016,368.50432101032777,0
8.394397411757225,2.8339014301371472,352.8356398453932,0
7.036752103833548,3.2577441805128595,359.9517664025286,0
3.841205038045167,3.635634542700212,333.073545745888,0
4.301373467127349,3.067626699089017,316.7644064543525,0
9.895889212950532,3.8134286591434106,333.073545745888,0
4.319440672587684,3.2419721011866467,276.83393195522325,0
8.313773604321764,4.290071516364875,364.405067278873,0
7.036752103833548,2.3800842267127287,378.3982184516093,0
3.41035967073924,3.721765768518896,301.97501115806807,0
7.510943342127445,3.3424090536108357,357.26573213528604,0
6.978290867613598,4.931878078886141,317.1841648795262,0
7.036752103833548,4.380978304316724,333.073545745888,0
7.460727220198072,3.949014617743278,316.56233127238585,0
7.036752103833548,4.543581169567961,354.41924852350013,0
7.220165553446549,4.398685036000153,333.073545745888,0
8.790851188948057,3.4802717553207825,333.073545745888,0
7.036752103833548,4.148611317085472,333.073545745888,0
7.036752103833548,5.776611019642239,302.7673474825417,0
9.049166054297842,2.8140006830459026,386.7004632506245,0
9.515140615244428,3.8128876614746607,367.23079221725766,0
6.145242939675406,4.090939919526503,333.073545745888,0
7.494212046966072,5.492704955036247,339.8465770390035,0
7.091885816966667,5.116406584527922,333.073545745888,0
6.624572527652799,4.333720849150268,338.44127675094705,0
6.032188902899926,3.423831621257197,352.01863792589387,0
6.344095425001865,3.8434840157795422,316.1444503912001,0
7.036752103833548,4.103438960001448,323.95563167310263,0
7.459144859485703,3.841052037778387,352.4244392243991,0
6.361666802587903,3.6817651139312577,333.94710715040463,0
9.011588753600265,2.897292531479614,333.073545745888,0
7.466213132452259,2.081845656839957,333.073545745888,0
5.7398163326022,2.7225712077897968,313.0573324042814,0
7.785106673059819,4.904613043963691,333.073545745888,0
7.138586781331626,3.272429761063929,333.073545745888,0
8.805177745264922,5.17620506921009,356.77363753195107,0
8.003031485090926,3.1375512055381387,355.7260064460456,0
7.157337864026239,5.183622114589742,343.764376878261,0
6.42736514447551,3.568823153057529,338.58235390848114,0
6.124672270969831,3.631006709381833,303.6469276155788,0
8.45790103691031,4.914276094825079,356.30482527606006,0
5.772197393568782,3.0789858386712936,318.6434911867856,0
7.036752103833548,4.589161805096586,359.1869011960677,0
6.760790523068997,4.905490433324554,345.0188971500478,0
7.895045662146321,3.084431232538585,350.5354180037599,0
8.57673992840484,3.9161147325276127,341.80921002119294,0
5.596729817575806,3.826158190514717,323.99904902734613,0
8.145632374254966,4.307547518552997,334.64488735974936,0
6.665495068276907,3.928495392384576,339.0597495868991,0
6.499067997822331,4.355880124898533,330.1646815742019,0
9.735889387811044,5.573210318927751,358.193120757642,0
9.268281894641785,5.255703381928599,328.2979467927449,0
7.036752103833548,3.9991254999566994,350.1952531204174,0
10.059642098512771,3.81878876006795,333.073545745888,0
6.475885398609551,4.30611297137217,305.2489447455404,0
6.096128347500615,2.956447478165364,333.073545745888,0
6.297845634002767,1.6805540245774622,331.8219770182329,0
5.284096687429166,4.800963142409066,328.1395816574204,0
8.269944709732332,3.076479932155731,345.9873539414137,0
6.0395677903078,4.206835504487218,333.073545745888,0
6.243279004222159,3.472839212514484,333.073545745888,0
8.214099764451955,3.3818639095118863,343.477261505328,0
7.036752103833548,3.9167455268933375,323.95649205808826,0
7.036752103833548,4.284878629001862,298.11264499527624,0
7.036752103833548,3.569570266317617,307.6524514688484,0
9.836030547126414,4.219118007986666,333.073545745888,0
8.719764331543185,2.887725422454221,340.91849040741107,0
7.009601694292698,3.121944851326298,333.073545745888,0
6.492638846153852,4.667770161467155,349.4040571816733,0
7.814524320753557,2.901699555775163,352.2770291239511,0
9.652562935021928,3.192569798875329,386.54118470183,0
8.007541219554257,5.250173060134276,333.073545745888,0
7.036752103833548,3.716659340751803,349.2919541577504,0
7.036752103833548,3.8451271657169954,333.073545745888,0
7.386837696427604,4.816705216346371,321.5677644592065,0
5.497580321451809,5.060114928661615,323.60878586364134,0
6.057828113719532,3.2922492668733674,333.073545745888,0
7.036752103833548,4.235174415004401,333.073545745888,0
6.268953336634952,4.6744959728986775,318.22794217017383,0
7.036752103833548,4.969149725035601,299.34557629198434,0
6.284984822452388,5.70328774274241,334.4777947541068,0
9.043095631701522,4.008499340500041,333.073545745888,0
8.523062078756436,5.112376365006609,333.073545745888,0
7.036752103833548,4.183319910746318,337.53953263765624,0
7.036752103833548,2.913048442998909,342.19323950474114,0
4.029052709937867,4.179656266918069,279.67525562479693,0
6.412707041754053,5.014144884495,345.7175003027596,0
6.276294989981585,4.342759276850004,335.2577772874467,0
7.648877927703538,4.953533862998418,333.073545745888,0
5.548181849115771,3.945460483724316,319.20293529760403,0
7.036752103833548,2.604959924643713,338.4159388402872,0
7.4686170188765795,3.384178840922889,339.2213511911472,0
7.036752103833548,3.764703593500892,296.949069652605,0
7.918150470853138,4.028958007331559,341.17332171858976,0
7.036752103833548,4.26677539510979,333.073545745888,0
7.036752103833548,4.161749271319296,333.073545745888,0
5.433242116512631,3.675717672978606,304.4252752003144,0
8.339511610034751,4.827704246705364,333.073545745888,0
6.715719087979793,2.443008005777361,354.2089231882362,0
6.098012089946328,4.590616740729233,333.073545745888,0
6.576845323081143,3.7713135180813815,341.7493777183877,0
4.681098760235678,4.125750332990424,306.4511896424614,0
8.151215310423664,3.523980505672175,333.073545745888,0
7.036752103833548,2.364558911796688,374.15762079529134,0
7.036752103833548,5.666547310958305,329.9971882727168,0
5.669689566349437,3.5921334240895173,333.073545745888,0
6.624943599869574,3.5466963721784297,320.8465068608219,0
8.273643584335904,3.331583734603577,346.319773794444,0
7.036752103833548,4.306218230824751,369.5411429878228,0
7.036752103833548,3.2820613930954394,333.073545745888,0
10.509668629307154,3.505078834160683,333.073545745888,0
5.171434094056084,2.949431503010539,300.2542576645056,0
6.964198299767605,2.3956831824148326,307.6945220861755,0
6.548796520596996,4.197305124934162,333.073545745888,0
6.555439264384325,3.7920401696633417,333.073545745888,0
9.04258286604996,4.348440139653611,366.6684084746754,0
5.970578907790694,5.013281168465715,311.1881847351431,0
6.273805781551276,4.5104053244440205,349.9495295846939,0
6.604007988638578,4.458966913210226,325.3538597390556,0
7.143941990149046,3.7928403073905503,329.4044567185402,0
8.11644657034648,2.934697436997308,346.42378707303953,0
7.665187780430904,2.7071291616855064,343.4942197241109,0
5.555352972792188,4.5361459144294,313.470296699179,0
7.543931304508226,3.703191305765389,336.151049803892,1
7.036752103833548,3.5613978299719125,296.4305395160663,1
7.3401708843321565,3.919139532735149,309.661577518229,1
10.015189062467666,3.846547549446087,363.5618201103673,1
7.036752103833548,2.72365054009649,333.073545745888,1
7.846463340823771,3.885623898479858,333.073545745888,1
7.036752103833548,2.0007570315103718,365.0809632968772,1
6.334162775563274,4.038829793491571,303.5503239230728,1
9.616095703448057,2.946643668370939,333.073545745888,1
7.036752103833548,2.4752844638171903,378.43050067865903,1
8.892998479215112,3.619132804902203,274.6894585327201,1
7.036752103833548,3.957011709406519,333.073545745888,1
8.141429899766313,4.350921900795209,333.073545745888,1
8.165714932759002,3.920116479963848,337.2523246543811,1
4.931958445234491,5.045982883287057,383.7826259115355,1
8.977821883109304,3.1999996142418063,352.6858427866464,1
7.372611795824961,3.1825211188828444,274.2068036850766,1
9.10733038346176,4.49213994862107,334.7173347045231,1
4.168248461367502,2.804525051409483,333.073545745888,1
7.806909023349841,5.127910987699841,333.073545745888,1
6.7046354257784735,3.4221786198283937,223.23581613133052,1
3.623165848258656,5.370205548696381,388.7522530536979,1
7.966856823982582,5.115430914016896,393.7670457263523,1
4.5956077558097705,3.978919806946673,333.073545745888,1
7.036752103833548,4.058942266477222,324.70129261448784,1
3.994497605953491,3.379147350846876,331.1456211400727,1
8.907987117561257,4.6412585321295445,330.8271327591177,1
5.898726324805972,4.899815187496653,326.2542815359668,1
9.51462662210288,2.645036370222636,321.7762130602921,1
8.842463655897197,4.576728706441388,278.4282649508009,1
7.721078493617457,3.223951089800068,286.4035215485703,1
9.0894210984221,4.43011601625449,321.0804652406088,1
1.757037115490783,2.9675541301719317,376.012933045253,1
7.725192099493611,4.1633255369929305,333.073545745888,1
6.729191489422883,5.112254250604552,333.073545745888,1
5.085429352833509,3.961730669540862,351.2712670306564,1
9.545270521249014,4.983903465009575,316.56731934499334,1
7.036752103833548,3.6935109356881006,330.12786856306263,1
6.246264053794833,5.044454777717949,429.0223118319998,1
7.3764491048464,5.767354666497637,333.073545745888,1
7.802426084121588,4.363529881475539,333.073545745888,1
8.596767212344783,3.2386929330871066,373.6533276680724,1
6.436444496090232,3.415851385375155,314.9227389907905,1
7.33347772602672,4.772662700779373,224.21250304477925,1
6.144759037662152,3.082080495833988,271.0971043194311,1
4.725997720598259,3.644606540888711,324.8707242178734,1
5.393345914423263,4.633854752317118,372.6219432465146,1
5.624819996402396,4.355489161530189,274.2923054061713,1
5.768868031092238,3.0926263788262984,356.55269711988245,1
7.036752103833548,2.7756354336001303,333.073545745888,1
5.251353815475827,4.072252323176482,377.1434888935286,1
7.68878591609137,3.9186731557714793,294.3477322344588,1
3.681076270548827,3.8930704029978314,333.073545745888,1
4.897691706502586,3.894464332984629,333.073545745888,1
5.8427546011896965,4.490392564009722,290.7959545091716,1
7.036752103833548,4.414818909753493,322.6744621102127,1
5.038316783143259,3.913695775844471,333.073545745888,1
9.96124770904986,3.24658309722844,337.48361004403085,1
7.417502636689077,3.3912406668716133,289.3313577693062,1
7.036752103833548,4.441979835848184,390.2766084356859,1
5.09993200503465,5.159301248966906,333.073545745888,1
3.633162828862528,3.349571655135964,292.44053636393704,1
8.860450853927205,4.677713326887139,333.073545745888,1
10.13793228826111,3.8720181587617,333.073545745888,1
9.900814840038256,2.3950021100616565,380.11302950022434,1
10.26843050116335,4.304689262186712,334.1780747109564,1
0.2274990502021987,3.545741437567914,283.69378223429663,1
6.0172609236891335,4.427712282297473,307.7044735832638,1
7.110845138033223,5.712792127184658,245.95425295135877,1
6.350290472055328,4.265233067313503,333.073545745888,1
8.129341720237186,4.822043563607494,326.39795325728005,1
10.252816232929478,4.559836218772728,349.5295678863063,1
5.462355934706153,4.486180492425556,333.073545745888,1
9.239440361060408,3.471971127332792,324.1289152553997,1
7.071314192217861,4.293726559748635,290.05721880909675,1
7.11589526567209,3.736020547055431,319.0569513003889,1
8.238996596889073,3.089923748952148,350.8359860186515,1
6.446252031563202,4.976957857871973,333.073545745888,1
6.161779499462049,4.003547029108377,324.04803479549577,1
6.772156537729458,3.82725596122325,333.073545745888,1
7.061845519716819,3.958248504440257,299.938071050834,1
4.638250258554134,4.124537824896342,307.45845423970667,1
7.678966888683202,3.7189815585763055,333.073545745888,1
8.137713063107284,2.743866752405663,333.073545745888,1
7.481397771916631,4.039976289796705,377.3443718640398,1
8.082148076453887,3.3734845141195007,381.7618835882825,1
7.036752103833548,4.290393223612015,333.073545745888,1
7.70218309918713,4.382159162064481,364.1912269571671,1
6.75076118602011,2.77772626475094,293.7830398628194,1
7.036752103833548,4.64936502812178,316.97300307263026,1
6.323942072569584,3.5750105760990736,347.23682655314894,1
5.403883692226708,3.189942299371127,333.073545745888,1
5.699873488404511,2.416402097988852,333.073545745888,1
7.694264581971543,5.707192759327155,333.073545745888,1
8.581428693706043,3.388448221942008,366.1318999181253,1
9.888941401311577,3.750163510344408,326.0765602807416,1
3.4264503676355647,5.978053939752291,333.073545745888,1
8.370440489338627,3.210635410482233,333.073545745888,1
7.036752103833548,4.26852451986332,332.84554447775605,1
8.390500571895505,4.150359337290418,282.8594530240477,1
7.581944679656733,4.833345773568087,381.9307439745554,1
9.850054687400435,4.521836126865956,337.2097419137133,1
5.225683806899056,3.6957469824917286,333.073545745888,1
9.663653196397622,4.741944304660503,293.0746574545216,1
7.036752103833548,5.010163393323611,333.073545745888,1
7.935607325113079,3.61965073748165,312.3436071259728,1
8.928142080209764,4.111101546196108,333.073545745888,1
6.920342898512878,3.2662134754089074,286.41386159175903,1
10.53809844277246,3.823092676110029,409.4467298474219,1
5.72930291193782,3.5563948119631066,415.2870721724372,1
5.33568880893353,3.9219763810567607,343.25835928715264,1
7.036752103833548,3.261591730784553,402.49939282930575,1
6.769834880813582,3.655789569066617,369.5329964853245,1
6.848329601322462,3.7322020177545054,319.26472220015205,1
7.036752103833548,3.3082941798432275,344.44773731524475,1
7.036752103833548,4.599572634095484,304.9264750684554,1
7.036752103833548,4.930189986333271,392.582582266922,1
8.589202343654149,4.041445670962364,268.97135529751745,1
8.473649322846748,3.487816306545352,333.073545745888,1
7.591346093540146,4.515150113779176,318.6104784917454,1
8.137767883092494,5.003825786209145,305.83257968719704,1
5.352565979714757,4.7791870088188695,445.9383911976929,1
7.998090253941313,2.626546783770298,229.57556091890592,1
11.89807802974039,3.024968486584322,346.6497504059977,1
7.442536475327727,2.191138421703526,405.32001567447753,1
5.1408005276963324,4.19225744935354,230.55585580745375,1
7.036752103833548,4.626701022502608,211.85159230220145,1
6.947915533873985,3.685079273135882,333.073545745888,1
9.62210598702481,3.975571849056162,422.4456807653023,1
5.361211666098464,1.81252893956422,366.8149789191132,1
4.909518983025118,3.7855066443800336,333.073545745888,1
6.376408434486552,5.404045772985421,362.3521434337636,1
3.94012545989782,3.4780048078684977,371.96717975283417,1
6.916825973221457,4.598622246118412,252.23132963398223,1
9.146557555894002,3.210881938583371,319.02580857134706,1
10.268414718941344,5.199864588297582,300.7637719072286,1
8.787667940586466,3.489945595277838,333.073545745888,1
7.368768530294821,3.813881276266772,294.34485798287767,1
9.352719752960567,3.398264164565317,346.5165346873108,1
9.393148441549062,4.665681059368009,331.338738654354,1
7.296572875466082,4.67916864329843,323.4490541501673,1
8.90086469660199,4.518750669722005,348.4378198773213,1
8.107244312818498,4.688271256294098,246.94261132183635,1
7.804368873943725,4.075556975063991,281.3559753961226,1
4.666148130914806,4.55686375232757,314.6138512073473,1
10.90507641006552,3.7202643792172,369.6838668975199,1
4.739548767002988,2.942348225414489,372.8150748102446,1
9.869231934989052,4.736849577023042,281.11849034749616,1
7.036752103833548,4.329204049946698,424.6889940773884,1
5.827541211542772,3.1791287413400817,316.025512946158,1
0.9899122128791388,5.160603788160604,444.3757306927798,1
7.036752103833548,3.900508521463043,333.073545745888,1
9.485832873402854,3.221129818784097,315.83139625832393,1
6.435722716949114,4.925339107073759,273.4631393655443,1
6.365497241052185,5.125416576401367,325.32854340517343,1
7.036752103833548,5.266367538576662,409.2862102681366,1
5.452214926167417,5.190533810336875,298.3184182542306,1
7.036752103833548,5.0763624641800265,283.75582393263267,1
5.433466238973562,2.871196030589475,347.0973536720579,1
7.374775413656679,3.5922647284429,333.073545745888,1
7.036752103833548,2.951395753410233,346.2250616334712,0
5.226941884272904,2.2595502886491894,336.2929184546406,0
4.594209164354396,4.917909886714817,354.7852174343189,0
6.784133023750861,5.03582284435287,333.073545745888,0
6.400256164229511,4.561493818692693,340.3929303663409,0
6.839415897979054,2.854526551578415,333.073545745888,0
6.901863448736066,4.047907292461217,341.53708898075774,0
7.036752103833548,5.260301115251683,333.073545745888,0
7.888843574059525,3.6305239854418616,314.8432912662629,0
5.527633482507711,4.591137050219068,333.073545745888,0
6.492403121956253,4.383394691806273,302.1313058651816,0
6.684699736748975,4.030659830632323,344.5354072354149,0
7.036752103833548,5.034682957349176,352.62391167393247,0
6.223677774999095,3.919575057474988,333.073545745888,0
4.758648346768645,4.405508764376716,324.08433407149784,0
7.440825031061319,2.496342612338434,335.6264426329922,0
8.054885744073163,3.514097774584284,334.4420643076838,0
7.06183097218188,4.299018586936102,321.4733595649965,0
7.036752103833548,5.005878529984143,302.4917680919928,0
7.611609817181437,2.873261209549148,287.9481232044328,0
4.69143831512022,2.730792274371549,364.7467863440447,0
8.064170137236562,3.246077223248075,355.44372109287366,0
4.292966858149657,2.8049235828692907,333.48254007833225,0
7.865756954092344,3.738618342932626,333.073545745888,0
9.085637101693884,2.544020275544053,325.1048470296242,0
6.592442507785291,3.0608273538358923,312.8143949567998,0
7.03281872622224,3.633373288668084,333.073545745888,0
8.990317233704655,4.494544339362194,348.71461261339243,0
8.561218924457805,2.8138885986983486,333.073545745888,0
6.7391576920220535,5.214484016180421,363.1796235138332,0
7.036752103833548,4.238252980379006,313.8746838886085,0
6.492627157365379,3.3787784927745594,335.29192590906365,0
6.753128352860487,5.102516756563615,296.1966180415413,0
5.039373608702727,4.957419783113156,333.073545745888,0
8.296344055589273,5.400810789347245,369.5907404838077,0
5.455599351643056,4.4763487151197605,333.073545745888,0
7.918183320861496,4.764193594306708,302.393605292741,0
5.018045870383922,5.035153706923996,333.073545745888,0
6.495435285215991,3.3904705401970827,333.073545745888,0
7.036752103833548,4.456104061234216,344.5241792801903,0
8.783167623905637,4.274136884143136,334.0538854587382,0
7.036752103833548,3.403269587083857,330.71954876938406,0
8.159666704184943,2.9571948491508118,319.2532011303291,0
7.685396843315841,4.179187127681619,331.5125334296874,0
7.76202074451675,3.2563013285827784,330.39097625993696,0
7.207931097430971,4.705561883525115,311.5682271859919,0
6.98704150028991,4.475161102744778,366.0189195933706,0
4.69219656349297,4.009006061677201,307.71399582698444,0
7.036752103833548,3.1834353228956065,309.83873238358365,0
4.059431468029172,4.330321564154249,333.073545745888,0
8.389945658771296,3.5697173123209334,333.073545745888,0
10.695532491586295,4.154845327510767,295.9760943834978,0
6.791696906894755,2.817391373961896,349.49217731775,0
9.953952111556116,4.052905069433097,333.073545745888,0
7.036752103833548,3.837256627123341,328.72428899396186,0
4.489783796199172,3.776225631479449,374.2269262476081,0
8.020869102871476,3.4421212362955,352.98311196312886,0
5.0900353321672975,4.838862280223715,376.6636078793938,0
6.466874708929867,3.4081687916535586,304.57324510743223,0
6.702496216244025,4.267952933982107,302.7449601923821,0
5.766204133561628,4.472018169722266,333.073545745888,0
6.571099216507485,4.555949236427071,313.8469724655427,0
8.509220048921595,2.5198915810235114,307.39895951786934,0
5.953981878134785,4.071916487170485,347.71315716547457,0
5.403196491704968,3.871463111097292,333.073545745888,0
5.596929951315809,3.506764606330233,333.073545745888,0
10.632909606071516,3.72245485080585,322.6232486591874,0
4.91681922881674,3.8367032388187607,360.5904450901426,0
7.1830959315085465,3.8065394387932265,358.33184894940985,0
5.923441414571481,4.107363630145296,350.3819810895708,0
7.377036503769029,4.531658688151207,371.01052383443306,0
7.833495881064739,5.580829963035424,316.2744033370946,0
4.745764371481156,3.6991462587291006,370.1678510128087,0
9.055825784677507,5.456912830156691,298.80356031305337,0
5.492155982957838,3.294129366085436,366.64476621156456,0
4.487517479010939,2.7657222477016736,338.049427529092,0
7.027185659271876,5.353043339815189,327.46266996635546,0
10.200644508442188,5.174719758892985,337.78157990042223,0
6.784279329300363,4.045547056489322,333.073545745888,0
8.08041524398239,4.070824291566874,333.073545745888,0
7.036752103833548,4.167336456868864,345.5604811564392,0
7.344975869046369,3.418763194643632,373.87278500525446,0
5.923739954690041,3.8844603708206806,333.073545745888,0
8.285395274908012,5.438487906597953,342.9368809897122,0
5.94951876406115,4.072197621614668,367.3285416831002,0
7.036752103833548,2.9983354715810404,363.4727979482551,0
7.036752103833548,2.9341370013330885,330.85892653323094,0
5.296578803810236,3.9184698008316814,322.4335918072037,0
10.282067974894762,4.5729230043865705,332.0179352741973,0
7.01683611325458,4.101397991008648,362.523415862375,0
6.871607245014967,4.180389311503939,355.0872579059655,0
7.036752103833548,5.504749396920436,333.073545745888,0
8.274069058697867,2.5754230277099115,365.4072222417801,0
8.238878989445276,2.784712796717906,309.3294234572413,0
5.791154373453377,4.104834816564649,347.04102025515056,0
6.153368956728868,4.030337485422805,306.23917986795703,0
7.303051906328316,4.144869940408154,305.2215636071631,0
7.592672300075482,3.341426728065969,349.24061445133964,0
6.784116114807516,4.072186607547674,333.073545745888,0
5.606856130577717,4.070966098496005,333.073545745888,0
7.036752103833548,3.817778953181653,333.4451998122188,0
4.922045466248699,2.291694536023172,383.239138292495,0
5.700784947291592,3.978141278692845,333.073545745888,0
7.036752103833548,3.1340001497974344,266.1099928126103,0
10.678056255643256,4.308256960674539,333.073545745888,0
7.6021214747799855,3.6988747689394295,304.9664881421143,0
8.84628195691071,2.9250375580069843,317.1505445057651,0
6.751698586301178,3.7560066720223904,341.89563614291336,0
7.036752103833548,3.619590634969264,374.0183113969158,0
7.036752103833548,4.43921523990166,333.073545745888,0
5.088213197324547,2.6006186786445613,375.6191860334602,0
6.9549072165208425,3.169714975942725,337.26717749262025,0
8.983811794161655,2.44567338788982,333.073545745888,0
9.519659984470318,3.99455613628636,310.71629355538414,0
4.700392723840931,3.481943696005759,335.27937623584404,0
10.386132934434618,4.9213406247862,338.9992736864435,0
5.746529194455349,3.808372006211507,327.5578499050621,0
7.036752103833548,4.699120987045171,324.7581837144696,0
7.036752103833548,3.941073832069612,296.8210342978569,0
10.811289500397242,4.416183694491997,349.92322923848394,0
8.966835972567804,3.6543549623702583,320.5559945481708,0
7.036752103833548,2.27639196018481,333.0524906534692,0
6.848805452540466,3.13004476285238,387.6863876572007,0
8.861701556503956,3.5791072422859003,313.12708140471705,0
4.252985000876296,3.58830042034225,302.81982256988954,0
6.729829903890115,4.724321913211669,321.16046339092526,0
5.924540482437398,4.224342508773007,341.6377735314358,0
6.783888467541533,3.250022229204365,323.7286632332804,0
7.390896678654897,4.32513164451923,333.073545745888,0
6.470151959152821,3.12539111192484,324.6592334189808,0
6.930391469669391,3.6997960364086304,331.030251472318,0
9.302441187910585,3.6759854978305095,333.073545745888,0
7.421997644251864,3.6036095808461335,319.9129388307924,0
6.583064855827969,3.772858553084088,333.073545745888,0
6.204429354069558,4.106807505488429,314.13131744806606,0
9.066628053764038,4.055421250793916,321.585935583121,0
4.713116701054447,3.923356035619532,301.9655414236933,0
10.581385987628256,2.966945650593862,300.1846216565569,0
7.5742612367877715,3.6867589826723,333.073545745888,0
6.138785151951198,4.677289618268685,352.2299607158941,0
5.276323544024682,3.883029041117391,319.8379854103831,0
6.776879087805668,3.322065006530626,375.4573452986101,0
7.2394159210992495,4.531825294993109,345.043983077118,0
6.552279123020959,3.443385018883295,356.31797483917325,0
8.40876623110244,2.372791476751066,291.6876534902019,0
7.986398705504575,4.814779190766616,333.073545745888,0
7.3669152841286385,3.051316562922508,324.5704590928802,0
6.062738419015513,4.369454696832489,333.073545745888,0
7.856471100461379,4.534681098281898,343.5454193290751,0
5.158396409506499,4.645852434791949,340.87181907360065,0
7.036752103833548,3.4583200005897763,333.073545745888,0
6.39908051004593,2.6205380227279225,316.0725606007638,0
7.394255556132569,4.26319277247499,333.073545745888,0
4.443850856498079,5.038118946233022,338.0524372173982,0
8.247148271309296,3.941969260461584,324.4333076993704,0
4.902158988606676,3.499048522914918,337.1375529738036,0
6.86313624993993,4.319777194854658,346.7680518629708,0
6.6695323796655455,1.9648630966312208,324.34189329335214,0
7.595669983691271,3.403393176535209,328.2095661964854,0
8.16307638255827,3.287243970810318,333.0844547972377,0
8.870278259927936,4.18274066496293,318.3546116426661,0
8.769676021676739,3.7767184616875142,322.79907015152514,0
4.737391256802652,3.8533880722545097,333.073545745888,0
7.790874862321438,3.076214340708842,350.11725381508217,0
7.036752103833548,3.241267186661132,311.55367904139865,0
6.087306100000082,3.666671803251088,333.073545745888,0
7.6512942259202,3.2580416465868867,349.25544481084484,0
4.771490668948941,3.936972573012225,340.31017576890633,0
7.036752103833548,3.4528218640874533,302.41752875752275,0
5.39205760659185,2.978925444705386,348.95192434938275,0
5.477283049476333,6.357438520067428,370.8930850920216,0
6.364155674065816,4.764412041610866,333.073545745888,0
7.036752103833548,4.863377535184865,333.073545745888,0
8.347949482501885,4.217861430575852,313.6711274177521,0
6.615981651666498,4.63570912652134,333.073545745888,0
8.312379503092345,2.988093010442307,333.073545745888,0
6.836224938677605,3.666613685710395,332.8815818756824,0
6.385470897689489,4.681716653309846,333.073545745888,0
6.490037174928902,2.430883294085322,368.5610730195575,0
7.036752103833548,5.284233272110425,300.6884165729052,0
6.64884918609138,4.827527398066652,343.9252223114132,0
7.036752103833548,4.217553378155117,333.073545745888,0
9.323583858284508,3.006650221855861,296.8485120030009,0
4.58196872788087,4.500207624732678,316.55279138947884,0
7.884841993204571,4.631640754077167,315.1899837510024,0
6.168838539281275,4.435760073378445,269.49017326233366,0
7.230845306553176,5.622018080855884,343.5933323950082,0
7.036752103833548,4.071343675272809,286.7651014049071,0
8.693104326309328,2.8982230607674366,348.55479203877144,0
7.036752103833548,3.2316796925242075,333.073545745888,0
4.79746018165997,4.038502789352143,326.7941937801377,0
9.319176393077573,4.129230416389857,366.0517518808906,0
7.58168757744945,4.457282487105634,328.17697771424764,0
5.348213658597068,3.3111681102507315,312.98675321568174,0
5.487876362610197,4.223576482290001,305.2641420711427,0
7.036752103833548,5.486132309176686,320.4493278266133,0
8.31595907145097,2.760212573568241,348.1773307361863,0
8.55107774771961,4.046379690043383,295.2237066551887,0
6.013160966461117,3.455622540984072,321.1683132149535,0
5.744067537432683,3.1716552079647324,355.46158888444376,0
5.218989651481935,4.383942553936008,333.073545745888,0
7.036752103833548,3.3583534546716933,333.073545745888,0
7.4587076827919985,2.938082397276258,333.073545745888,0
11.0278798626952,4.178897908640168,319.3540394138715,0
6.729580190108561,4.003458052258935,322.2351014670934,0
4.150214299745359,3.502370872206418,333.073545745888,0
7.159398310953257,3.254926496664732,357.3287587922074,0
7.036752103833548,3.662648159726404,333.073545745888,0
6.209697436775356,3.893766831260585,327.3799385347764,0
7.036752103833548,4.126407533121048,354.05764852081126,0
9.608533593881912,3.042796943791497,300.92232972838167,0
5.375895978926893,4.174219639817962,333.073545745888,0
8.697122159630041,4.180567592572657,372.2640993858731,0
7.748928548486438,3.13694500654802,316.8202484300601,0
7.117917746068107,4.213567957421265,349.0849489661236,0
8.31002902004885,4.775784922040909,301.2544217151517,0
5.5242965308965095,4.033391217742071,379.788376466985,0
10.201425755101072,3.964449588219743,306.4953694983077,0
5.3681257542274565,2.0041425861250266,351.3581338262009,0
8.937802407855287,2.831234425504209,371.176313238755,0
8.12420782636168,4.72445657765958,318.0596239862977,0
7.184973118804081,3.665410662111125,283.7446115636523,0
5.49948928649166,5.8468269575803085,352.08433279750574,0
7.036752103833548,3.371680094416703,293.1111226041612,0
5.319769072934949,2.925732039706137,315.02750450181634,0
6.369111631336883,2.275903461382081,295.3505243085844,0
6.733493842280846,3.178003604766868,303.9376700929248,0
6.883015402442057,4.102291769099022,316.7538888806488,0
8.013516428610775,4.4449005904963546,308.5948104416439,0
8.27205509125987,5.140207742689406,332.8903824590433,0
8.746985976471965,4.7637305356972295,369.3698813089175,0
8.154840855474227,3.696327574847777,367.2242972013084,0
9.045720545334614,4.213700443947227,293.06245930229653,0
8.922409558967978,4.081728016204542,357.9443267771911,0
5.96130157218858,4.91958504678586,364.97549898448153,0
7.036752103833548,3.651864698731579,317.2802103416212,0
8.184410006452293,4.599082200140892,331.95419943711283,0
7.636454091471839,3.332906497382808,351.5588107416269,0
7.7753855932769635,3.3094717160131584,324.33620298187776,0
7.617148870829691,2.3915400059994005,345.17988734636043,0
6.664934584402665,4.502138213738983,299.8465234888422,0
7.036752103833548,3.855772963661712,294.96608830837704,0
8.81535795265852,2.875880180472337,329.1196851014237,0
7.765635561977197,3.214449639874844,359.8136999394833,0
6.225152012969118,2.770822652580127,333.073545745888,0
7.036752103833548,4.157927298303721,303.8506627738951,0
8.567043820038332,2.8049268236561344,360.2862819111777,0
6.994194675250799,4.398900709483949,382.1529774020776,0
3.3445885334830234,2.57514103097745,371.1477704350853,0
7.036752103833548,4.565423281976806,344.61853484797564,0
7.036752103833548,4.344804944234699,331.6496585578883,1
7.774468468846811,3.8910973336994905,385.04343760501695,1
7.036752103833548,2.959749614118373,244.28514512284767,1
7.2034388489879815,6.389161009216368,271.89204467895,1
6.150487600902442,3.551655811015034,421.34318649952496,1
7.036752103833548,3.9592936152493454,397.9242402936577,1
6.767523658273503,3.3002534975545297,251.06238395824928,1
8.037430326921505,2.5062381267412426,268.21189582815015,1
8.177174973797975,3.325638985632972,333.073545745888,1
6.744799074889901,4.86854263008631,304.5279373540632,1
7.603775446495936,3.5849850237337204,398.9208685532558,1
8.546145555159878,3.505300168213539,352.8170526993696,1
5.43251208523776,3.8744253151616057,409.9884607959119,1
7.71408935995488,3.1825828574638706,322.0729562813039,1
8.154531511065274,2.460464866914837,333.073545745888,1
7.036752103833548,2.977047400244634,298.3561571484034,1
7.845879929236758,3.667154204946097,343.6208231859242,1
7.15642449459831,2.958414711590032,359.7105171689742,1
5.694694238027413,3.870610799553027,333.073545745888,1
6.707685556382788,3.8226687145376768,333.073545745888,1
4.77522195583692,3.2230808645202327,389.2195856381804,1
7.036752103833548,4.387208418499805,337.23146852418967,1
7.036752103833548,2.9997023209082743,396.091917382805,1
8.501711439023032,5.612295662106835,333.073545745888,1
7.741245058636744,3.7411433659749633,363.99274772202136,1
4.18749081481174,4.592959344095949,327.4742030687985,1
7.036752103833548,4.604724795804473,240.1985047508843,1
7.808012211560277,4.165549905534822,348.0715105626569,1
5.895948983187193,3.659652967576408,253.15846862252465,1
7.269652252805362,3.789236756581051,244.7951979260926,1
7.036752103833548,3.898915859529646,349.1713946556015,1
9.48960096649994,4.300694899087454,333.073545745888,1
7.457979826928165,4.497730795590356,335.6680456708747,1
7.992320364236402,4.342796788042317,333.073545745888,1
7.746343115356286,3.678686031235552,361.3813251174801,1
8.275795629701165,4.721339549520147,307.66712287388225,1
6.879959452149452,5.688206949361446,219.14893472568303,1
6.799375518361883,3.8199853771647767,419.8811751415976,1
8.16776766297284,3.4106855396131177,297.960229910378,1
7.036752103833548,3.2616513991274934,326.1757087803023,1
4.736404607451753,4.995601765994129,323.6836828929785,1
5.953923889741049,3.9686471632564224,333.073545745888,1
6.578998162273409,3.690929417034364,369.0971133970416,1
8.775485733684196,4.393944466089358,304.80784540436133,1
6.8503020324159625,3.0802967096198777,265.4311206198224,1
8.757110512347623,3.808793010243389,333.073545745888,1
7.036752103833548,3.2425454482885505,333.073545745888,1
7.036752103833548,4.0058929921265065,311.52689022803526,1
8.07327895224373,4.854312785522253,333.47759195071524,1
5.07827417522148,3.631042313530789,275.05564184079964,1
7.444914014951037,2.571391505704419,413.5603780775337,1
9.434005874654105,4.2010543638879385,285.3951122985862,1
5.90590695420357,2.9172840562365963,378.10830575313287,1
5.803496975764156,2.1817141666785806,255.97674557859452,1
7.61715192193207,3.4225434306886307,369.5529578368824,1
9.00846433449955,3.911014707443342,333.073545745888,1
5.422445767908819,2.911751390260459,306.7022267770212,1
9.778181812741442,4.143365318508068,333.073545745888,1
5.204938762890717,3.439561018542137,333.073545745888,1
4.872560878371032,3.9180057985839225,323.03685205942384,1
7.793914804354769,4.220027670860785,358.2591999095167,1
7.036752103833548,4.081328787472204,392.8331603845455,1
7.058182608235123,3.61383477061922,405.4034233007637,1
7.890354273534902,3.209588058451998,360.28398342597546,1
7.535700190571214,4.208354353518171,366.412199976134,1
7.202534415579847,5.702504528449717,333.073545745888,1
7.036752103833548,4.398059122757676,275.1822396217426,1
8.722143776841188,3.2746286418408777,248.09475894507975,1
8.35263517558002,3.939011353106868,333.073545745888,1
6.2843857911113785,5.030712169428622,395.2616371156387,1
7.036752103833548,4.052367137670618,318.5152705422846,1
9.30566048031861,4.485070146526452,325.8731338024803,1
4.923178856199699,3.329600783081267,349.6551749986112,1
6.143018479793687,5.370403410374523,285.45510184832324,1
5.744504157048756,3.5335001498780327,333.073545745888,1
6.616649174874958,3.8817671783074488,360.612309764348,1
7.623499920279238,4.76499518416768,301.2190912104385,1
7.860106421505122,3.499774683747187,287.22377860889384,1
7.393110152584626,4.431739047145852,333.073545745888,1
7.036752103833548,4.641041336188799,312.3591475472501,1
5.579517092707998,4.043914692602463,368.897034016997,1
4.303574607482778,2.010537157431691,326.69519854080323,1
7.310715695744376,3.5788263404357843,333.073545745888,1
6.417702476103476,4.046305671849512,374.7138549390038,1
7.036752103833548,3.894061160472698,282.3116406987258,1
10.774318090075074,3.229834158576746,350.0002357127786,1
5.036453976008759,3.534665425189356,300.4759247854957,1
7.036752103833548,4.318271772600726,333.073545745888,1
10.41504401364904,4.209136505059297,344.3092890116938,1
8.41860665004133,3.442847819687195,306.32536352065773,1
7.808641136495527,2.4727203251760423,333.073545745888,1
7.557963629790507,3.2922701527035314,257.2765540574624,1
11.24450714270002,2.9299527394001954,341.02959961853657,1
5.728823779303805,4.412173550093767,280.9320635573689,1
10.486808416025616,3.804352132029541,392.3462515682056,1
3.7921257317804,4.62068558556552,333.073545745888,1
5.71625135415621,3.433135384725815,290.27645455813,1
7.036752103833548,4.536122682223924,350.44858396721605,1
5.473603398247983,4.9578222414352044,333.073545745888,1
7.036752103833548,5.11386970579597,333.073545745888,1
6.770926884040844,4.910533820344201,284.7455103993467,1
6.043360083711829,4.74524751697268,295.89520663941977,1
7.036752103833548,3.0938144500611764,300.72699494168444,1
6.320427822952782,4.553380742681595,311.77782190208166,1
9.185417502207793,4.186674617804839,333.073545745888,1
8.684778671525315,3.8773491849022137,305.53378408025867,1
7.961721463165571,2.2869434947281544,367.4660097696296,1
5.484151253504955,4.438858459911646,295.59101876278845,1
7.186931122348115,4.275645348013285,295.83415090035123,1
5.470802484400142,2.962852429032913,333.073545745888,1
7.036752103833548,3.843405195850602,329.12773842254506,1
9.792727768555451,3.729120401580513,258.03885201408383,1
3.637170625355805,5.446565702616764,337.5344254868793,1
7.06478908142805,4.4016278345277335,360.322976245158,1
6.632031568588184,3.3862942904685025,369.6215854010609,1
5.913956687853429,5.648605948542045,334.68617752098504,1
9.484703254003293,4.13227423789269,219.55343679747216,1
8.447404488438133,5.218307110261475,334.6558858618443,1
7.727421140658746,4.601802090002829,333.073545745888,1
6.859323725529028,4.501980014505442,227.3484603094109,1
5.846786697496672,3.371110880826984,333.073545745888,1
6.30000176658891,3.7094371813849474,302.61185848520097,1
6.64646992248928,4.387601741834642,333.073545745888,1
7.31344675557596,2.2206399231442355,276.5501613116038,1
6.572656388857353,2.8209272493496207,314.1400561844975,1
6.002414611941971,4.315308015041465,301.9809379319386,1
7.036752103833548,3.624635249622655,388.7877846681564,1
5.93605710996818,3.940282339037946,421.7220244980987,1
7.591089848316611,4.531196012957704,333.073545745888,1
6.875746152392153,3.397302571603791,333.073545745888,1
8.016279103360878,4.308222881195557,389.3387958191684,1
8.783596632026194,3.4708854235987814,319.73700936485994,1
6.911698241358011,4.616641008449857,318.9879136050391,1
8.71924020683575,3.912836036583348,333.073545745888,1
5.974583248480268,3.721974696238987,338.3575264572412,1
4.4293787345323405,4.271167637481616,333.073545745888,1
7.036752103833548,3.8408887616175593,234.2856214451352,1
7.036752103833548,3.19012777090997,356.21161439453385,1
8.215123506909467,4.511384048876486,333.073545745888,1
7.828740104752374,5.199446635796848,286.9926309005409,1
7.949964794513219,3.3171524499122014,333.073545745888,1
6.114332051439626,3.680409990337341,260.771025560722,1
7.036752103833548,4.516869764126983,333.073545745888,1
7.139428272590956,3.771596492148276,337.94709455047456,1
7.036752103833548,4.314495017031872,359.22570410694954,1
7.96852586987492,3.173879163212596,333.073545745888,1
6.635894308187562,4.523236865678159,307.9549022960769,1
6.394548022914309,3.042496817945847,333.073545745888,1
6.280978206755163,4.599432013730158,383.6714590785622,1
7.992026977293408,4.647095594485686,333.073545745888,1
5.068795502073682,4.362085653052907,317.1039028212847,1
7.036752103833548,3.499453074211392,285.56098329312164,1
8.151248961954652,2.7998833209288145,335.62277893328366,1
7.582941676733986,4.164028619351949,297.5057723704099,1
5.344116870389696,4.104698560797167,328.648845176312,1
7.871961402750839,2.93853628710008,360.086657479205,1
5.3270235340963366,4.85582125104602,356.42027091076784,1
10.55027327313621,3.951304462604924,333.073545745888,1
7.036752103833548,3.068919236981341,298.3997239549346,1
7.471026670171208,3.707974079965065,277.1098543347574,1
7.94388247715476,4.111691344532814,290.33739818972595,0
2.690831240408815,4.650033779162522,303.70240924515167,0
9.13569425989131,3.281802195770618,345.7142057734734,0
5.2140091940446665,4.453525556196591,282.9698785014731,0
8.64953494696306,5.229809192531628,336.4776160271515,0
7.756678950252448,2.8424707084630283,342.9993828154195,0
7.1042952035253055,5.464856803369509,333.073545745888,0
5.363362645369775,3.871372488778947,311.46740558001034,0
6.582499747201653,4.152014126960154,353.008115085245,0
6.810466516571186,4.402339512540909,341.1742693508908,0
7.036752103833548,2.37292472175806,328.60022093335806,0
5.574116594512444,5.152527697942889,366.1974184826738,0
8.555283422607033,3.687152067632291,311.32584501765035,0
4.483402760935388,2.203840523502365,291.1990882205126,0
3.783043638411448,4.4022441460051605,300.04869121618964,0
7.138374316854361,4.144872250700283,333.073545745888,0
7.036752103833548,3.2101680887198576,351.8755075441876,0
7.912361028113824,2.878515630522547,333.073545745888,0
7.036752103833548,4.217743744931683,382.0607071506439,0
9.128357757690482,3.762222688560586,388.0687107951829,0
5.271971377729756,4.119436474929048,267.8256478666429,0
6.46509352906692,3.790523693182784,306.0203927620434,0
8.24518659646861,4.125731794026834,406.0476089009569,0
7.036752103833548,3.5020815041262328,323.5521380288736,0
6.704791892183704,3.806596292463485,333.073545745888,0
6.430254785956541,4.805791533619516,304.173433996129,0
7.48279127635069,4.09474628637336,369.1908780152962,0
5.504452320660907,4.657360934464802,302.1904944537348,0
7.521920636411117,3.110932391139892,333.073545745888,0
7.036752103833548,4.5593366423943165,349.01943350474926,0
8.522567732718088,3.358284404886048,372.5038427403642,0
5.69447554633745,4.107467119295052,327.0023706311516,0
6.934503590060883,3.875238036589964,369.34180307751546,0
6.115180039114616,3.6908618596006346,298.32933942288184,0
8.575673021827997,3.506229064263776,311.55738096097565,0
5.689142987663644,4.592979951091307,350.7820824050701,0
7.036752103833548,4.059377403894223,259.00994483668075,0
7.226127199808895,4.15355890079017,304.5627762748501,0
7.197795991543301,3.8440132867950574,333.073545745888,0
3.84681432776782,3.5842019158558904,333.073545745888,0
5.896339345911832,5.0328549210101725,333.073545745888,0
7.036752103833548,3.572343821947975,324.2437795311632,0
8.326349854410445,4.395284862710226,346.78700252235456,0
6.891561654773667,3.5619625718994854,333.073545745888,0
5.548124946933236,4.599235865233297,331.4029470756776,0
7.036752103833548,4.316063250218271,323.1541152435972,0
5.3866379619568105,4.32090017506474,356.38427191664385,0
7.262534651633063,4.846359371825784,262.0950222276679,0
6.2570857911396685,3.994713696692633,346.6274674316441,0
7.025504334993,2.941555122814548,304.7322034697979,0
6.584839333204741,3.919954569326576,323.37235198449326,0
6.565633547125035,2.7709484970749205,283.51467184857086,0
6.622102936480842,5.2909207163820895,333.073545745888,0
7.217392780568977,3.7466198236682153,317.9634037788152,0
5.253907429487342,3.488372513803507,333.073545745888,0
8.131375233569006,3.5428107484612554,333.073545745888,0
6.61977546022829,4.086920566839482,370.7534688731821,0
7.036752103833548,3.293552630526708,344.5896282521467,0
6.217255306949025,2.081425020190486,298.39049042684866,0
5.019984766789215,4.089485428098205,331.5598448725791,0
6.907379614971787,1.4961009425719864,294.0151976953636,0
6.3131147318719245,4.126964595932531,333.073545745888,0
7.036752103833548,4.397533101212234,455.4512337131526,0
7.293929250131249,4.403250064507214,333.073545745888,0
6.630363820304997,3.4905875728160614,333.073545745888,0
8.015780395152742,3.1805801865505683,310.06868096007,0
4.249890379403849,4.116347641066605,261.2677066187353,0
4.265269639731993,4.900446069054143,260.26120564084937,0
9.266840595087142,4.330049468785837,337.29956685845406,0
9.619456625659463,3.1731997673200087,333.073545745888,0
7.086877325565761,3.992848210934416,322.7400311650643,0
3.433874059145088,4.104938403453945,313.0643164959309,0
8.436759028788977,2.4999101346874286,333.073545745888,0
12.246928068519756,3.533243424589728,375.8947583557478,0
7.343031939773171,5.288057553828615,333.073545745888,0
4.616438934449231,2.6343410214254592,333.073545745888,0
8.307462969006558,4.625729241507733,338.4837027730708,0
4.909640554437281,5.345323940025499,333.073545745888,0
7.709106359864045,4.235108119828695,333.073545745888,0
7.036752103833548,3.206995482747466,293.17027314789544,0
7.818274839301502,3.329243165850729,315.4474916325816,0
8.207458912656827,4.151865853005895,333.073545745888,0
6.958534137481001,4.194600000110389,330.7503921579468,0
7.036752103833548,4.297913885824022,309.4474322123628,0
4.349439999351715,4.442711502259796,287.0451103505086,0
6.629985035787515,2.53449947794664,363.6919490870588,0
8.969697389596341,3.983098817989866,396.4535683592829,0
6.771050289732039,3.2448668321310623,339.0015749083587,0
6.724639342026933,2.9214147722618398,271.1571198613547,0
7.036752103833548,3.4396233538018897,349.6245531419593,0
6.967270763874334,3.2724707390406103,360.9969405382336,0
7.036752103833548,3.2328721157393794,259.2052741242635,0
7.053116739303244,5.671998849860188,383.6678658602108,0
7.755154226534814,2.728799591724234,392.8000811978823,0
8.580008559294866,3.195591056480895,409.380908413492,0
6.901710202557188,3.0356705967120168,376.8117079769051,0
7.814250246965275,4.10466196258988,321.9745696764728,0
5.918953546438134,4.265547138587628,333.073545745888,0
7.02129530579393,3.675557955645053,320.5359890150996,0
7.036752103833548,4.893750991721558,415.92789828900055,0
8.132736965065675,2.9694339207381235,346.6118492998286,0
6.057068041253538,4.3717478538333525,384.82196652880856,0
5.343075102966485,4.240031707717554,279.76749968588933,0
7.036752103833548,5.444927203736903,400.669601473237,0
5.742533062882013,4.272202758106124,306.543071538394,0
6.584813111444327,4.404132196402706,333.073545745888,0
8.070477126886109,3.05579047450667,396.6195096459565,0
6.652824347726776,3.661529274018269,345.3585328021798,0
5.506061504313135,2.77890595094447,333.073545745888,0
7.036752103833548,2.4325072099122917,333.073545745888,0
6.441766486400109,3.682134341416014,333.073545745888,0
7.036752103833548,4.894842462723428,239.9119021206672,0
8.248703054410829,3.5405320044112223,389.0888439704477,0
2.5692435620279186,5.506934431690963,261.7199596451187,0
5.664845758430077,3.5702904563752726,313.08348911159686,0
8.999498939207154,3.6950840554277695,365.06096574459065,0
5.588537190733878,4.373998580206613,343.0415751407082,0
6.265637343836686,3.266028668813291,314.22305259844063,0
6.922041828080885,4.24294721566937,357.9352222939068,0
8.07261240298569,5.082206246764563,359.5161693303079,0
8.82809437489545,3.793317686196644,379.91428557925406,0
8.647454007366981,3.62410065900245,382.3578687989115,0
7.475536901699288,4.015574262293539,337.4623786519465,0
11.53488049111763,3.00009623919435,398.955344805104,0
6.453064802576986,3.440858801932284,326.8531854313641,0
8.19221015591042,3.4892830784252853,377.4557123693952,0
7.24770098178392,3.3199526784805693,333.073545745888,0
7.893131972748397,3.302211725136649,299.01823575599025,0
6.164449535585496,3.446401194343092,333.073545745888,0
7.9373922001148784,4.270851150129203,372.625257287592,0
8.28112065517672,3.6879950644168336,323.37998734449434,0
4.906491592988376,3.152344905007154,267.5611435326692,0
8.143483376311869,2.572830422704593,333.073545745888,0
5.117913529014625,3.806700492212365,303.2575921193344,0
6.449070008905474,3.331549948055922,283.2173286360635,0
5.613562647017462,3.465088675725583,316.0998242171189,0
5.754212967735088,5.920233914738748,203.4445207741574,0
6.906574998425876,3.2827495033578318,333.073545745888,0
6.336267097401388,3.7457248858316174,333.073545745888,0
8.121253675568507,4.428311682671342,314.09073780735025,0
7.036752103833548,2.909606161949619,399.2820813381721,0
8.935115926023162,5.168297807945807,324.8446913601025,0
6.452780750232393,3.425065096273418,333.073545745888,0
8.458814661984784,3.50770853604351,314.3314082690765,0
6.930082548200621,4.14941370966986,333.073545745888,0
6.255070000817667,4.19419987356962,333.073545745888,0
5.6698187738947805,5.600458570901245,333.073545745888,0
7.945407486586083,5.428916724171895,385.6527296127312,0
7.499844231952879,4.454476672661552,333.073545745888,0
4.6955161408056245,4.641738490616048,353.48467375945967,0
6.710633528014908,3.863286908993115,342.4414334736414,0
9.502856746233924,4.237345251715119,370.85189291534095,0
4.405327146952358,4.086867244525168,352.9177333870579,0
6.810344849129398,4.115695843709358,333.073545745888,0
6.983133113060967,4.426982544371995,333.073545745888,0
6.968131312926198,3.030823583308678,283.47855541476963,0
5.76255224970805,2.9065892123963133,347.77515378334857,0
8.397248095971374,2.8357942842945434,343.40376443527884,0
8.828326657522403,3.052822147979249,408.5912084282966,0
9.39584220217389,3.5304983249278665,333.073545745888,0
7.593176933452913,3.54209264375375,351.3860801079073,0
5.149133288190244,4.839176157668723,326.95261694902155,0
4.916740541260801,3.613212411606139,333.073545745888,0
7.036752103833548,4.174568875723499,360.15411334226843,0
7.37128987660506,4.084696775133466,310.56746710632524,0
8.278752740755206,4.767722384161327,333.073545745888,0
10.202971547604776,3.2709037528479668,333.073545745888,0
4.562156482672166,4.822883763716862,325.16737135090386,0
7.036752103833548,3.893925990895262,333.073545745888,0
5.202672012815987,3.9279805758489776,245.72894850146668,0
9.14973392673672,5.436819303585555,337.5579719917099,0
7.615556979306126,4.2431337337783965,418.3094305908338,0
7.813067624946343,4.713719499272781,400.3735262841688,0
7.721032687967833,4.168487101902514,312.91904442520746,0
9.056244707341865,3.319353736685142,337.4601764979326,0
8.082657125491437,5.2471301485472495,325.03426465103627,0
5.848667070247964,4.874534245985106,312.3757857574458,0
8.470545998692103,2.9358019953242778,351.7389246324658,0
9.228581629853338,3.839185400473665,333.073545745888,0
8.170588044761532,3.99585704919668,322.9239977028368,0
6.381977105096429,4.991895990063802,278.9492729760097,0
6.989813770294979,4.808582691098531,307.52315882358425,0
10.378108203556572,3.577447459649983,442.7614283690455,0
7.036752103833548,3.5681965996986538,333.073545745888,0
3.5908223640059966,4.144780872709738,308.380612133381,0
7.388518502791958,4.409053528240368,333.073545745888,0
6.966835167879632,2.9574410713545625,371.51743510289,0
6.703486853784561,4.223883710835095,341.33395170270643,0
7.1396712562776194,3.151388595083395,333.073545745888,0
6.648793010019957,5.138047828184837,357.72813129269736,0
7.036752103833548,4.170075590262242,361.53773576128486,0
7.940713224453516,2.9901508910892183,384.7911340697315,0
8.228563824612493,2.7819441082828664,335.7805182550709,0
8.66569208287077,3.494032184477464,333.073545745888,0
5.064042459574996,5.122702568734235,333.073545745888,0
7.8943227825227344,2.865031442985628,376.7839890646335,0
7.042793877475889,3.965647066605856,350.243966042523,0
8.305063984234739,4.461210732047676,335.87171849939585,0
8.26830759203937,4.405408198445283,298.3070930770492,0
7.036752103833548,4.133069338573804,329.13325487354865,0
7.397562417753871,2.4593368407245317,333.073545745888,0
6.367298530432279,2.6147660596382085,343.82801532210664,0
8.410625565120462,4.3522957788197605,333.073545745888,0
7.098245544161473,4.909571475286931,295.58568565997103,0
7.322502050459663,2.981649192437012,297.8413812518475,0
5.198224971294214,3.807318102819921,343.209876448911,0
7.036752103833548,3.2365700434139937,318.7387739181404,0
7.036752103833548,4.754313123779171,294.11104373676363,0
6.280905112787962,3.0212889092957425,370.326349763824,0
6.823930137037019,4.016144075544785,289.5764597163184,0
6.629993518356908,3.1552136525031926,332.87757365430787,0
10.301571270693753,3.857851974842695,433.44816811018046,0
6.12319393539216,5.457830951249985,293.840702718993,0
7.036752103833548,4.149483264789617,359.1687216410832,0
6.848033469174725,4.257037542698211,373.20683366423054,0
7.036752103833548,3.14478972588668,279.7580696354296,0
6.411525835916651,2.2006782017544677,333.073545745888,0
5.122648454950097,3.5045245337918667,336.46604197360665,0
3.434855759978651,5.3895102460791104,309.2176506941581,0
10.848130421433211,3.133838701697068,333.073545745888,0
8.725393412154087,4.5655421540494405,324.0271055104984,0
10.351742528378832,5.227609397200687,333.073545745888,0
8.174028130575552,3.986780704094196,377.7001885394087,0
8.034011916654261,2.452120806473057,330.5521729239247,0
8.205541814653984,3.63403066847096,333.073545745888,0
7.893818459458376,3.5085037127292917,339.76757892478554,0
7.036752103833548,3.266562403022029,392.8419067894597,0
5.488135468839023,3.6529914223306736,333.073545745888,0
8.163074030614228,4.128193137247917,423.9520283347408,0
6.867000691245711,3.4841205736312477,371.2838193630067,0
5.8217069136202575,3.908198846408604,333.073545745888,0
7.4518887792117585,3.930080761019317,333.073545745888,0
6.898315040728939,3.822307139365953,377.8135053824873,0
7.54434011403763,4.435514109196108,333.073545745888,0
4.103867855230838,3.8088506940726377,333.073545745888,0
5.329938815249272,5.799322350328874,335.0923218449924,0
6.962993545041664,4.760381754960567,356.63256146213405,0
6.84605994179889,4.709374128291764,308.9016958958331,0
6.2798421834965135,3.278584410433228,333.073545745888,0
6.739849727999298,4.379630439452511,261.06800576180075,0
5.495035446034119,4.115428052361774,332.03028478519184,0
7.583770299043087,3.642289213931961,375.964391222051,0
5.866702734137305,5.302972731364216,333.073545745888,0
6.394980461331702,4.732002727289712,348.04776048348594,0
5.821261629656031,4.371078785200288,329.0195541682103,0
5.5140621851991725,4.46036293825241,286.4748064858659,0
6.730883601577178,4.359137363714963,333.073545745888,0
5.198067642905195,3.295033859358623,311.7948866428874,0
7.036752103833548,4.654177334718871,353.05589050551345,0
7.362331186706085,3.933564969736756,333.073545745888,0
7.066141840325305,4.127599072932994,343.29387640356725,1
5.420347746957928,3.75672017038554,333.073545745888,1
7.015332582746869,5.2512231043193385,353.1898056665931,1
7.036752103833548,4.1386965672928335,417.9118369316284,1
6.044671753329083,4.914883755535081,401.73739204707954,1
6.1986503364476775,3.5741720224410343,333.073545745888,1
7.678945067219358,3.08954964758435,333.073545745888,1
8.06206612314847,3.0400314978062712,333.073545745888,1
7.255798597493364,3.968177082539273,324.5515135073473,1
7.036752103833548,3.4301673233947305,392.31217341333775,1
6.792407468552389,2.5056504406363977,293.0783048322926,1
7.368165576531881,3.6842633826061095,429.8143221517852,1
8.837786915479438,2.0870802171798366,332.7590286287097,1
7.108140711077948,4.015246444321198,339.11267301548577,1
5.289618437232331,4.5481003496821,359.099732993792,1
7.169251038319984,4.533174154664913,300.69512981801296,1
7.695049437156064,3.198879005391032,333.073545745888,1
8.693149900569036,4.687846798329183,355.30498040498367,1
7.036752103833548,3.0770348929711995,381.5132119281767,1
6.9997645107739865,3.360130677748902,355.6888922874361,1
6.89792271658945,4.490105279441128,329.3397676162268,1
6.38231460426029,2.881370055449986,333.073545745888,1
9.91709205694149,3.3933253802234224,247.9348552726031,1
5.609025353745414,3.354890147961576,296.6515643633789,1
6.277463093365682,3.12316615927887,333.073545745888,1
7.036752103833548,3.796737486057354,366.1923267335512,1
7.714312671631406,4.425133970460173,340.3263143932337,1
6.351286549370794,3.707053967662745,379.6138031370582,1
7.958871446046477,4.007902612509118,327.23910879775303,1
6.618186566692918,3.79706786115003,333.073545745888,1
6.000723335995511,4.176218742792006,301.3071729156648,1
6.392927840114371,3.2713388593703145,317.2567883106957,1
6.977267851638903,2.3670413093414906,282.08571927370417,1
6.353436843717337,3.861109202341755,312.39301924216994,1
6.019939994871649,2.747027112289297,333.073545745888,1
7.330196876767331,2.8847150979192406,411.1006916798007,1
9.241338766959908,3.842577603866392,333.073545745888,1
6.593174456619291,3.931653171254095,333.073545745888,1
6.948265449383849,4.09561181325633,429.0456197400511,1
7.036752103833548,3.3648908816171703,418.4705513025052,1
7.036752103833548,3.5892516337236007,291.2832715992843,1
5.938321178779362,3.889500039861415,333.073545745888,1
8.24955050895133,4.284831119370148,280.67498362294714,1
6.903816977786621,3.867843302640828,206.247229446338,1
7.605674820650833,5.554074526332097,371.4716904747934,1
6.5892905009635125,3.181112063345661,317.6101823239647,1
7.511816641411975,2.285519928882218,333.073545745888,1
7.301444654287731,3.1600748401136087,252.46648472775968,1
6.788291583178551,4.255948316623421,352.34492925276413,1
7.036752103833548,3.714469252576865,277.6808372224047,1
7.036752103833548,3.356977981613418,333.2892161964922,1
6.692531669059861,2.9421153671384173,280.8449162117161,1
6.028101118266446,4.080786271348128,380.3013501596972,1
6.715940563939271,2.4047292060079903,393.2757718326051,1
7.490786675734917,4.354535490634887,312.9340248000838,1
7.036752103833548,4.32232533697766,333.073545745888,1
6.336588682161135,4.356593856228123,441.5876537823701,1
7.381757557406792,3.3380217586877454,475.7374601531338,1
7.256015038533906,4.534960272538596,260.42560464845405,1
7.0258217707497685,4.746091948559119,387.4028566860511,1
7.606880475374772,4.564460391989159,259.5347190007475,1
6.983860438979463,4.159566509149576,333.073545745888,1
6.347020017898686,4.526350938820338,305.43123624624263,1
7.322828416616528,3.981968831838976,323.83273741263207,1
6.777506359435946,4.263180267696578,321.39940357304243,1
8.370364964619357,2.746649833830865,333.073545745888,1
6.642755695262761,4.299209281102346,298.5524799389983,1
6.21758491448443,4.15016690975386,361.2478096865621,1
6.630122155828689,3.352764605845478,277.4992970967101,1
8.051022203026939,3.767443125675908,319.00507105995393,1
8.41608681704654,4.9300838102540485,297.3305280861984,1
7.036752103833548,3.743703735181629,349.88527610338025,1
7.933067691513921,4.5342330430238365,331.0871770341719,1
7.9176085954610205,3.784085381264125,333.073545745888,1
8.942045991487,4.354287641189531,129.00000000000003,1
7.033945358536714,3.931730862730215,305.6164224886144,1
7.036752103833548,4.108856703319134,247.1800381287815,1
7.58004880807379,3.959636523743514,333.073545745888,1
8.473249064166925,4.810185430241004,333.073545745888,1
6.816416925295727,4.2747382136106005,349.7721759615865,1
6.460033522100627,3.535597778692289,307.563454895814,1
6.227826794815905,4.007347485187138,297.40449741812284,1
7.036752103833548,4.400203468805106,362.1469773194865,1
7.036752103833548,3.612918763485361,462.4742150404136,1
5.632731646664602,5.114607051016194,318.4651459788305,1
6.19124144257447,3.3150705928492927,248.3043909176847,1
7.701032797005616,3.395482609242578,354.25025177160086,1
7.036752103833548,3.498716818980463,333.073545745888,1
8.83264111562239,3.4521497364245355,333.073545745888,1
5.646083311861947,3.9385056274364985,386.0387902287798,1
7.33210396318143,3.90109686620938,333.073545745888,1
7.896743922258235,4.889458166019273,400.27457921531845,1
5.675294715190149,5.021464632411663,333.073545745888,1
6.010617576533585,4.867287404331263,421.4860891671315,1
7.986018499069503,3.1530047275571595,287.57088393241804,1
7.036752103833548,4.30405163167599,333.073545745888,1
7.159613911959985,4.943842600666056,333.073545745888,1
7.565198073160248,5.185000023597019,377.2216722685338,1
6.865568515027833,4.916218246161076,333.073545745888,1
5.736675708942604,2.7417913083454284,423.8762969891143,1
6.129069622155112,3.837639089504538,333.073545745888,1
5.991371081542708,4.539371149738408,338.0275987079136,1
9.723377230792792,4.0720633529651895,357.3847087263993,1
7.736312841132024,3.700916676376548,289.9459845331141,1
6.71579947892659,4.999752022622454,314.4524251299726,1
7.966762553436026,4.816347767394934,333.073545745888,1
8.242558635342093,3.5294272368553408,338.2938679790613,1
6.539546127935385,4.076403287338456,312.3354721194512,1
6.785384060224329,4.677920641099911,333.073545745888,1
7.007974587155316,4.628974863583534,335.0542435069422,1
7.740383939415849,3.0133608396173157,421.3939899810464,1
7.918087079178242,4.640043009571169,333.073545745888,1
5.772769697849313,4.154685423680439,333.073364224501,1
7.571684493181063,3.920287688012938,436.2940711606477,1
8.733525329569868,3.149201800222124,288.6784626440969,1
6.917858355091138,5.544167317192912,321.6964552079039,1
8.512780908859234,4.026622093912992,305.8555704949188,1
6.539115261496296,4.21167195883605,355.4438312769718,1
7.036752103833548,5.53747584049303,314.1432699341008,1
8.227083130096286,3.619181847561858,241.44691729106995,1
7.274198050602535,3.1527627940382823,381.1804664929224,1
7.118980168364626,5.349210585555077,292.28788840693267,1
7.036752103833548,3.574605162201768,317.4674988476398,1
5.941942536401314,4.302179284726438,335.796081535654,1
7.278910903182803,4.201577246628757,357.9097951607645,1
7.44518902590451,2.745803764968096,476.5397173325516,1
6.442496436487848,2.8910188785912547,408.24267034225727,1
7.036752103833548,4.989876167610412,288.23151787223696,1
6.919726155212071,4.120827880347175,299.78671080756504,1
6.472371049680761,4.134575196718209,373.2128081132759,1
8.251217779681046,3.495062986026916,323.4000315894216,1
7.036752103833548,4.600663396060018,318.9924058852281,1
6.707108205835426,2.640246412985256,373.5718777961506,1
7.240194470415268,3.3628217632499267,261.2133169865367,1
6.528490775347884,4.585971676210264,378.7757199826999,1
7.031839173708415,2.725564949076888,333.073545745888,1
7.4943911014551485,3.579651838079742,327.949396430524,1
6.957433637931853,4.892050440191023,328.8187599960376,1
7.036752103833548,3.32738442877916,317.83752519905914,1
6.9623245949195365,4.526768327029911,254.72993196834415,1
6.509621638211163,3.802819638132032,353.0119743810498,1
8.069297892811402,3.021381555454751,350.57795005359884,1
7.213375388220339,3.4534388764574366,327.7174080434716,1
6.790838199257259,3.438279838827972,368.842011462866,1
6.975209177557351,5.256483549715023,290.0528022347692,1
7.422225264350398,4.486512692528834,256.59045112674505,1
6.505065806504937,2.890998522404099,318.2457103201496,1
6.617862257193747,4.6013511981931385,326.1684795063349,1
6.769769338622252,3.846611900914847,369.9062775175166,1
6.341751223983171,4.01901054979541,417.6024458054152,1
7.058866081279625,3.93733418398454,367.853179516565,1
7.53928739507425,5.427372664623769,266.8031230536763,1
7.036752103833548,4.645691670402503,284.6242698942435,1
7.490807653925485,3.716367554767152,333.073545745888,1
6.037428193759539,3.59421736385624,392.38052852102254,1
7.036752103833548,3.392134168351501,425.71033074346553,1
6.706695161498074,4.371882444533677,337.1110166665463,1
7.036752103833548,4.709676028114963,291.9186740620703,1
7.036752103833548,4.116263245209827,406.0380682312573,1
6.758851697206596,3.639971875965876,304.6805991847949,1
7.486780879606536,2.7484287971608525,333.073545745888,0
6.904121373223552,4.141819203370412,362.29655205650096,0
7.036752103833548,2.8465011985982662,449.2676875055576,0
7.3489371420594365,4.725746456238614,333.073545745888,0
7.846057926337261,2.487968647002356,300.40262012672275,0
7.036752103833548,3.1137643063071057,285.43268138115815,0
6.1798098000471855,3.704324220484782,273.0868900719404,0
6.755669308054412,3.9595176374849546,334.6195242255771,0
7.036752103833548,4.312289707883561,333.073545745888,0
7.266598792423617,4.952733208187274,423.1874849381351,0
8.218171065854822,4.24644617230064,333.073545745888,0
6.980061938695879,3.969463254406426,372.7483191474201,0
6.381978996412815,3.299047219076856,333.073545745888,0
6.648005459996722,3.829783554180682,333.073545745888,0
5.899936566709943,3.8589788145579176,312.2832102290359,0
7.260904363269189,4.383823385030879,356.6222215229294,0
5.575920648115463,4.29444755906491,234.6098078374307,0
5.4674012550751785,3.7178227183596775,347.4212658560193,0
6.09001605715742,2.9435217121887867,317.98323592892115,0
8.205447052623702,3.7399216697331688,359.3925666697951,0
7.670505864185263,3.933826460461319,390.7458254593597,0
6.791097166019485,3.0840397616728685,288.35685587854096,0
6.006769481080511,4.034754809022699,225.5166278231677,0
7.036752103833548,4.905229738605767,324.5051897180392,0
6.336342761889751,3.788803320404231,315.9967928764249,0
7.473235376592182,3.877714249855098,317.70885391272355,0
7.036752103833548,4.246388024142823,333.073545745888,0
7.380104834625337,5.03045220196702,306.18292499042246,0
10.067632997838077,3.7767889972620634,390.9103283338672,0
5.915944299587397,2.585849315185795,247.6457432305505,0
7.036752103833548,2.6432124116405253,385.9537304221227,0
6.124847329190028,4.211967654412953,382.3189606952727,0
7.036752103833548,3.302419289577298,393.6845872164226,0
7.876495131350931,3.913904716907024,333.073545745888,0
6.021051322822076,4.661057552180376,333.073545745888,0
7.036752103833548,3.818403943096136,359.4265371193776,0
7.036752103833548,3.434798594981862,269.70758575702087,0
6.5854502296739055,4.27564024793146,340.2457660548395,0
6.342671183447911,4.582591795430545,318.8534483286764,0
6.6329902541703625,4.360851169963949,331.3018774575857,0
5.400700137691393,3.555737566011368,333.073545745888,0
7.460147818172523,2.4136288515589506,333.073545745888,0
6.709822000741922,1.6876245048272964,333.073545745888,0
8.054893321996667,3.5243804297933856,333.073545745888,0
5.365192408000016,3.1807984567770435,255.5446783507184,0
6.920388988495384,3.2776013640231367,285.7447583599599,0
7.025456547708931,2.9270514417687563,333.073545745888,0
7.974248428106492,3.1959442509174982,337.9404816953752,0
8.031055220266794,3.338880125546951,314.47156580599545,0
7.614056816681071,3.4379463950132005,333.073545745888,0
7.643578361999963,3.762162859528624,333.073545745888,0
7.731315009102499,5.164284274583004,297.3293549887183,0
6.268402755741024,3.389705289941097,290.70323628882875,0
7.369911642352921,3.821721167441023,399.9407843772094,0
7.036752103833548,4.142386058756017,333.9019891954728,0
6.32037528471829,2.7286173523352666,354.2890347846697,0
7.29008857213943,4.700618335949317,357.7940881357538,0
6.35651106246199,3.41552552539749,345.14495757438766,0
7.974065001358431,4.069086697798404,324.05559223457215,0
4.943508443526886,5.070841577374866,333.073545745888,0
7.70036230513608,3.786486994275809,322.75032774515404,0
6.054607180419152,4.889163359744538,306.7968615478785,0
4.221420679849157,4.278712401471591,411.58083006043455,0
8.545890346487688,5.036882986625275,333.073545745888,0
7.752176212505221,4.725507109575074,337.7537757940988,0
5.588129750721398,3.1656184818533246,300.220427519446,0
8.649868625073694,3.0816812395256155,356.2630797964434,0
7.899256515294086,4.448170569609338,320.5323627298305,0
5.952267969284858,4.769768271388487,389.8097463056352,0
8.0401875566739,3.221138969011636,300.39843505614886,0
4.3132191507406965,3.9235902023946743,284.9459492993567,0
6.707016927616642,3.1656323908377333,333.073545745888,0
5.853560600803125,3.756873895137448,333.073545745888,0
8.817402774388958,3.8640984193819534,367.1541839092352,0
7.036752103833548,2.8125036354500903,354.44460935071714,0
7.036752103833548,3.4815173946449613,342.6734092538759,0
7.476408459668984,3.478193780402128,341.16363121404555,0
7.691486298425762,4.042497483266329,405.1693860001742,0
7.367371852627868,3.8172151052716874,333.073545745888,0
8.92790592593881,5.474354698144387,376.3345659353764,0
5.621227320090063,3.4407533246763085,314.871341738526,0
6.450644925327291,5.241539195582696,316.1058922650004,0
7.566517124512967,3.2751420374154505,354.17597229017,0
6.1156375458102,3.723625473260451,339.4024396808054,0
7.595228724049122,3.4976041136035416,365.2086921643374,0
7.036752103833548,3.2562746896315304,314.16260194867715,0
7.13122185859695,4.713192604671875,333.073545745888,0
7.399724707648925,3.795124079678799,339.8389767993214,0
7.002479940695225,3.352436318240986,333.073545745888,0
5.34534537107888,2.3628860224049038,281.77170706015625,0
6.18595116263375,5.2057243002993765,333.073545745888,0
6.070090952233811,4.699457410935833,333.073545745888,0
7.095569331079976,4.861276291728905,308.2036941305017,0
7.036752103833548,3.092816759322282,333.073545745888,0
3.92855649232336,5.060835979341727,306.47955825261965,0
6.352973105397818,4.155494640010193,333.073545745888,0
5.999125177726393,5.046973115947742,264.28506897579734,0
8.89958837829117,3.9286137101792655,334.5717850202069,0
7.375337619892639,5.127394948805861,349.9852426324749,0
8.97932285265221,4.264944045592401,335.2169276575733,0
8.532377473918308,2.3800880493685312,330.9784658027271,0
7.213537481050567,3.497480960958101,287.70691200012567,0
7.036752103833548,4.583109838449884,334.75341061095554,0
8.895574457925981,4.754234801908662,460.1070689926536,0
6.582764203677888,3.668879696635321,348.9000156544668,0
7.036752103833548,4.377502097292449,360.3887982983855,0
7.036752103833548,3.287617331936556,409.50195321714193,0
5.986593892372897,5.051493873890792,333.073545745888,0
6.841221063159616,5.092364652373034,318.79020156650097,0
7.036752103833548,3.8257700750242414,333.073545745888,0
7.146117224742147,4.775201717853433,373.1971457990462,0
7.036752103833548,3.9432907565051343,318.17268735178226,0
7.50757529645138,3.703001047324373,351.4186342314689,0
7.997175822735124,4.817668211405948,312.0080944585862,0
5.1743459983462,3.689144992138577,314.9868004507202,0
7.036752103833548,4.018446538686602,290.70916993815774,0
6.47909256706823,3.089597302323555,371.4054069187157,0
7.811512445222393,4.546070210293161,289.1421748787793,0
7.43721665310552,3.866874572569852,306.16925121160864,0
7.95387811515525,2.860223970222824,368.21767979927,0
6.396569931080612,4.188249712324068,333.073545745888,0
7.036752103833548,3.5944444159046545,338.0636900294603,0
8.058135996612346,3.130608939839331,356.64525406420785,0
7.036752103833548,2.0288751732864254,383.1131141299914,0
7.036752103833548,4.875382904979997,333.073545745888,0
9.497261162881252,5.242105329965899,427.1845083490263,0
7.984710742242038,4.567879972284673,445.3595466581445,0
6.261110580253398,4.753018575157605,286.3275623696924,0
6.957802749302861,4.587745468810144,306.6473844661239,0
9.6631590150059,5.270217774033984,333.073545745888,0
6.732713713421406,3.885405037306561,353.17632828281813,0
4.886057056804735,3.079373114175483,266.5622105144656,0
9.61022034489963,4.961971972367872,333.073545745888,0
8.518531795246274,4.147168618141657,458.441072258561,0
6.950786515485461,3.997975215085431,352.3037707030098,0
6.023022741325022,3.668088579274877,305.79652935047324,0
9.011480407411014,4.270801389375358,400.6917742597565,0
7.946767904206179,3.038483125240436,273.3843106305223,0
7.709617350900396,4.140423756852319,367.7618581606828,0
6.081615358462056,4.010036798677171,333.073545745888,0
8.146185794091142,5.1779636245974725,333.073545745888,0
8.141861116382476,4.136950485502741,385.23665639373286,0
7.703356821382107,4.7321253460612525,347.6308335581716,0
7.036752103833548,3.771305112783325,284.9457586961654,0
9.25285650898534,3.3005858263579806,415.4508100950871,0
6.047651488718149,2.589867902857387,333.073545745888,0
6.152857802124513,4.403083393696855,323.8243755200661,0
9.074922874454952,3.8404790099388846,394.1965211975249,0
7.436537226981672,4.497629168137822,333.073545745888,0
7.036752103833548,3.458352213645405,279.0010038469318,0
7.130099196200058,1.986191593058412,295.6188377042756,0
6.792125450218405,4.042637641436024,307.7527028003663,0
7.036752103833548,3.864931034905198,333.073545745888,0
8.885626344053186,2.993300944496919,404.1043121423805,0
9.475316259695344,4.701538331428024,333.073545745888,0
7.036752103833548,4.69101750323518,404.3430765072107,0
7.183108734458526,4.006424839252379,361.6313810642322,0
6.1574431448430325,4.770154312108588,298.19240617220504,0
6.467868301691497,2.861063942572024,214.4608337745459,0
7.036752103833548,4.301273480741873,388.31272507290623,0
7.488133464330415,3.4740347171181667,369.2106712786039,0
7.323545119666458,4.89842104143532,327.2612020965961,0
7.036752103833548,3.067033981302946,256.08951680458495,0
6.530796123720997,3.181634909261997,333.073545745888,0
6.931470426933321,4.249333174167702,384.6548025124508,0
7.774645242924598,3.911816766224265,333.073545745888,0
8.107500138616412,4.647800627368438,354.03729316839826,0
6.306864459373674,4.619172769338624,283.97599250264545,0
7.036752103833548,4.069165566663121,379.3749332159944,0
6.6096803221946265,3.5891464414221934,346.28532887923484,0
6.632205878654961,3.4437405597575226,302.32577178168714,0
7.036752103833548,4.287440678130007,305.0400259353043,0
5.716755666530133,4.0806749961624265,287.0125644517296,0
7.740453870226316,3.541316670456529,382.3415895837468,0
6.277277371274439,3.6193211819201823,333.073545745888,0
8.00637329840415,2.396505357833779,333.073545745888,0
6.513016585960504,3.729960915816749,289.0143482255442,0
6.2341976724749335,3.885492315509884,333.073545745888,0
7.277143966771516,4.931353521983009,344.87975373027217,0
6.044513029512341,5.127778325324405,329.16701782717143,0
6.6430265381410845,3.7099886624912353,313.3538129765168,0
5.150456539630286,4.14702894652348,333.073545745888,0
6.110545160785598,6.064559250159787,311.2535645807778,0
7.831117736766918,3.807997463749791,340.2759489465611,0
6.980727163646463,5.437618576761173,391.6668777310953,0
8.552782415873253,2.9408479958845923,373.7461927726452,0
6.4493794387538665,3.715428750090735,272.19756472544657,0
7.392084037518904,3.778458495607913,384.1172465899871,0
8.360795827235105,3.715951409137044,310.28657707291967,0
7.619845076953617,3.779648433049116,377.8751931375857,0
5.404510674147487,3.9981758863091033,248.71196339107,0
7.079303517779591,5.553173840879232,433.6338999149112,0
7.036752103833548,4.296188762920464,347.9864476869224,0
7.161714892641493,3.909973568447572,284.4078420271862,0
6.854946858787279,4.938999307033027,375.7186596005965,0
7.30955640748172,3.707413724281805,369.0388410331244,0
9.313465892899943,4.493612764909594,417.24538778736473,0
7.036752103833548,4.50102454017249,418.4942436177372,0
7.036752103833548,3.365174439747456,333.073545745888,0
6.187938053993094,3.5461832023705098,263.26841625114685,0
7.036752103833548,3.802426744491779,267.6808262005893,0
7.9653373053048,3.3909821110531904,352.3161820063584,0
9.26439090863462,3.175520773635625,416.6983846311437,0
7.75404435394794,3.760298085013082,377.9900086088821,0
9.393891652231943,3.0485658663001405,333.073545745888,0
8.176079615301635,4.11232245771067,320.260119542225,0
8.337696200697742,3.454197456668698,333.073545745888,0
7.036752103833548,2.8135267561051323,325.63295978892376,0
7.1910248566863455,4.270645692708772,403.788429906366,0
8.613698594883758,3.949220098875637,378.7587147642725,0
7.793039171409166,3.389270098308859,251.3839436816425,0
3.8788793890688,4.927711075497064,299.2416239048493,0
7.036752103833548,3.72377603814946,350.584345398565,0
3.9782846273167376,3.751565768898725,311.29532886977574,0
5.964065359871277,4.696720853415239,333.073545745888,0
7.53205857980722,3.8085699230100247,333.073545745888,0
7.233538435483265,3.679015067771328,333.073545745888,0
7.036752103833548,3.1538002186878344,367.5334525202398,0
7.036752103833548,4.212510849647721,437.5922998268262,0
7.480728113602178,3.714874787439821,414.85578396069553,0
4.4770917139584885,4.32768028988057,207.89048227407596,0
7.036752103833548,2.739234987146461,345.5926344737984,0
7.036752103833548,4.476991214592083,377.7193866691482,0
6.314077469750392,4.363865762503175,333.073545745888,0
7.036752103833548,4.241935682799888,264.91604619167606,0
8.822610383759214,4.415596156287389,333.073545745888,0
6.92265237065665,2.877354266538508,341.0664040428121,0
7.036752103833548,3.611330374366964,393.2646996081426,0
6.904536858235756,5.0589054483892655,368.3870379630723,0
6.548017642485212,5.930227576581439,278.09330932124794,0
6.581082756075466,3.511369718286504,310.63291048911015,0
7.86464967253437,3.585933521695313,349.9228521065612,0
6.136907177131185,4.704585017974258,384.15607863424407,0
6.947028539657349,2.60018773266633,387.299907102881,0
6.2033225076896565,3.487920050688021,369.72668337071616,0
7.036752103833548,3.2124926934616096,333.073545745888,0
8.373170925244922,2.786329667144387,339.4922222008321,0
7.036752103833548,5.026270726028191,313.41170753724623,0
5.921247069476017,3.7467755604654815,279.20230710049407,0
8.829806178150646,4.423886041610509,377.2538338696832,0
7.036752103833548,5.324638004849745,333.073545745888,0
6.83221738756748,3.1454155114301705,281.6780401041656,0
9.281302611348124,4.069976588751361,333.073545745888,0
7.456250785416918,4.279697427788076,333.073545745888,0
7.0882509764340735,3.2306454361995462,355.25307889930104,0
5.648628537607859,5.370004183346351,333.073545745888,0
4.293961234794354,5.105120757070882,261.3570408464161,0
9.678050853902558,3.0297003349809173,395.9042076651159,0
8.662709501389225,5.120102527824212,439.7879384247585,0
5.897391120843136,2.961602417916417,393.554892238793,0
9.49424264803844,3.189025539707877,364.682634348411,1
7.036752103833548,4.181264105822968,282.59811917471865,1
7.080193059013201,1.4922066153042484,286.2238756655379,1
7.559852309769317,4.550501006088248,333.073545745888,1
7.040394956072289,3.93191655326223,333.073545745888,1
8.05304368223556,3.3015748949924983,251.44349970246384,1
7.044375318734117,4.276699073642469,390.46768366159927,1
6.309891576180204,3.603040461775072,252.10892512246252,1
6.203572848208437,4.305549361837694,333.073545745888,1
6.879404957296282,4.700470229763488,321.38327769397563,1
7.754884394437196,5.128390054528116,376.48462222349855,1
7.916669698835311,4.275192719102842,276.2069197343787,1
6.405392481776244,4.531920781408072,366.1766335901449,1
7.795957800597176,4.251876169502328,356.17070211937454,1
6.9639793510478585,4.489870473182842,333.073545745888,1
6.9678613966386695,4.893215273397656,371.78836357866857,1
6.6227913564466245,5.609290809737711,387.3569379848417,1
7.369988620741592,3.463852437148298,359.93056566019067,1
7.036752103833548,3.3739365078527763,333.073545745888,1
6.944868386836294,4.241135181480118,299.52167331693784,1
5.284810114998686,3.990242632195878,335.660449732608,1
6.85144260294889,4.93555654349587,333.073545745888,1
7.760189364703282,4.590527648801448,299.1315984749483,1
7.280560356935292,2.919796004979838,322.26966084267,1
6.834259889880556,2.658843411948673,325.95041116155056,1
6.728975147762138,4.59378713275743,337.8619223503955,1
8.016418374611582,5.320015455400856,333.073545745888,1
6.8649167394504005,4.493746769178872,365.9413461121188,1
5.808975519906834,3.599933101811887,262.9957563531879,1
8.45879698814859,3.827431410883915,313.8855477982553,1
6.987335278958937,3.8702927815710018,333.073545745888,1
7.288736661267014,3.5313846614470856,331.8381671295742,1
8.116350275289646,2.5260162359182696,333.073545745888,1
7.463915951229467,5.0758436044594175,382.95873682470994,1
7.512361216121821,3.515802547219812,333.073545745888,1
6.415108471708082,6.073006014096297,333.073545745888,1
7.05994023445362,2.949938822578741,281.3861971937521,1
7.036752103833548,1.6597993845044374,333.073545745888,1
7.425102223222055,2.5587727443235098,318.18329661711186,1
6.742622398258796,4.964672640375529,351.0522422487651,1
7.682923444847809,3.542731086958609,333.073545745888,1
7.041665417411175,3.0997461634419525,316.4338541438333,1
7.185276448818911,2.9591538231075867,352.8691647391525,1
6.597292363153351,4.3183054068542095,395.7395286717211,1
6.908853083313673,4.693949415674136,351.34532606543667,1
7.036752103833548,3.5737411060993765,240.89762892316972,1
7.036752103833548,3.603089689088135,333.073545745888,1
6.281903929078816,4.457729915454185,305.094000063989,1
7.036752103833548,3.2853718352092978,342.49836128569393,1
7.362912867202151,3.2494398781740013,333.073545745888,1
7.369087138654637,2.7151866852786206,289.59969184421067,1
7.70810998872957,4.896625907872932,322.75459928037634,1
6.504112779748324,5.396623142289246,282.10554535464985,1
8.185923417313038,3.566945145029043,318.6890103719636,1
6.1491851735534615,4.275614874442733,333.073545745888,1
7.080445821121838,2.66494605525722,294.3157326178766,1
6.628427347390652,3.4052786183334085,333.073545745888,1
4.704698461717015,4.109924711687724,357.7310768336419,1
7.976900873677573,4.7536079310394825,377.1781188796557,1
6.8096445151755205,3.183803571914326,333.073545745888,1
7.036752103833548,4.032267338593523,353.6267682162175,1
6.967696683162022,4.819637104172265,315.2829020618055,1
6.444555170207262,3.551905359086965,287.4123799691924,1
6.277742483390635,5.255011943220072,317.50143972779523,1
7.036752103833548,2.505464026615983,285.8993854790752,1
9.014356734321137,4.549419412617848,296.63089872335604,1
7.781663759793227,4.822967485351244,306.6433363106741,1
6.084360116189226,4.298110919527294,333.073545745888,1
7.15473588040487,4.629955736114066,283.1084920273045,1
6.748811549804483,3.3125127658902267,317.620345847308,1
8.128270069244824,4.6787421658436426,349.06736268597024,1
7.036752103833548,3.978495493860283,266.6393835960964,1
6.335683141915911,4.578861190294835,338.429461935427,1
5.940475876449588,3.9979696708974912,307.9976307754875,1
7.61487763929876,2.99078089431675,345.8088086405557,1
6.718249444896243,4.488904316315408,337.03875195403407,1
6.8663565150600006,4.346153563046948,375.434032452048,1
7.036752103833548,2.60151758888062,333.073545745888,1
7.553844615241808,4.374563849807857,362.85265384752256,1
7.36667198942732,3.394450272692436,364.10569220937424,1
6.567759613267086,3.824428038818539,333.073545745888,1
6.333640046326739,3.982002335270925,356.9710326882704,1
5.89241318577243,3.3118131930849275,339.3279049414732,1
7.918039170296733,3.3861098132109198,295.35107021964114,1
6.549124998345768,4.42105884351,354.8211938420816,1
6.804796145017353,4.847312561784218,374.30913050785335,1
7.036752103833548,4.704273494634856,351.3356961240841,1
7.176170870069639,4.74296674858479,321.2840794097869,1
7.085095882764062,3.932839292719952,333.073545745888,1
7.201702374896836,3.883250198498328,279.1644463467536,1
7.776044112626788,5.425945934424112,342.2624978595313,1
7.036752103833548,4.258488736618552,323.78838268143306,1
7.046548537016283,2.869226101819664,281.7247144955857,1
7.036752103833548,4.4805743911383615,332.6151537639464,1
7.732880077797702,3.510728004352379,287.08705300940346,1
6.266799947990716,3.652844725674909,322.9178476197792,1
6.630251708982636,5.18120249221265,338.6308276497314,1
6.775631133267148,3.0175443059239453,343.03216098405863,1
7.036752103833548,4.323784880397048,318.6772727355551,1
8.164992426171885,4.162495509766512,334.5519655036585,1
7.7737581374530995,4.040974482292381,395.0882448467518,1
7.295141331699135,5.056104024299176,300.6082330329589,1
7.036752103833548,3.842113986103596,327.5517886889327,1
7.657541728081206,4.792527452455119,364.1301406497154,1
7.664793523351656,5.48169093434497,351.161331110397,1
7.036752103833548,3.619545637398924,370.3836938940177,1
7.800421288908953,3.3459103817138685,333.073545745888,1
7.264069096752565,3.9602821137582938,333.073545745888,1
7.544305635616618,3.7140964349299774,365.812312536014,1
7.74977378413344,4.317186297673677,320.4406636909241,1
7.442023084023342,2.894651172139397,294.83621768880164,1
6.559252620892982,4.216315016151919,272.52426280499856,1
7.035036795196814,4.557028865672788,371.9126148305407,1
7.880685942702883,3.579983811082845,356.33807937208684,1
7.498372459046129,4.242241799025037,407.3120823862237,1
7.036752103833548,3.756100422662207,395.0903643033471,1
6.538207172663557,3.426266448712848,389.817035687869,1
6.373288071168332,4.538108781438108,367.7325204343055,1
5.7564756894907045,4.0020815167967045,330.1337767931188,1
6.918062437943979,3.566298461651997,333.073545745888,1
8.813504659624094,4.242459863239631,303.5298176381378,1
7.361599831600276,3.751588621742676,375.09718802100105,1
9.175586152587863,2.9596846207077028,314.78376125661964,1
7.036752103833548,3.952594441314252,272.08505722126057,1
6.550877192685638,4.824825939065864,285.2189427318241,1
6.5108556110746,4.225608375907182,389.3911483904019,1
7.347030355621346,4.297880700154986,336.9943348589987,1
8.111953170359271,4.430750455902872,311.9102239367761,1
7.036752103833548,3.825936697459348,381.3375271741137,1
5.98501245091746,3.764099673513571,275.0797380142864,1
7.036752103833548,4.219225568669436,338.66353475458294,1
7.036752103833548,4.514174613415019,333.073545745888,1
6.433722352782365,3.641489972443004,373.0517721049259,1
6.770095146347258,5.203461367345384,327.6194527217428,1
7.927969552720631,4.847262262021436,343.2863134611688,1
7.338826110612727,4.01706111949955,351.31882632743674,1
7.078361074110981,3.263464731173011,348.5479813510433,1
6.751668626808021,3.735173416038589,333.073545745888,1
7.744125219434779,3.612260192161634,333.210903330637,1
7.560392022830322,4.257805108217033,372.0289087182245,1
7.830607590568666,3.551568013010188,316.572414707073,1
6.746934968256862,3.4855359764780687,274.8840892219141,1
6.542281786808939,3.794055432721665,333.073545745888,1
8.549692514107981,3.039018778586744,341.03633696679213,1
7.499844501955668,4.663869576482976,333.073545745888,1
5.7637728070588325,3.253200106695462,333.073545745888,1
7.276863125209032,6.08377235388592,281.8968817500272,1
7.493290815928302,3.7487469097257824,341.4606318001502,1
6.116023979953149,3.98430882860984,333.073545745888,1
5.226895232238513,5.13805579043723,335.4618419553903,1
7.036752103833548,3.2279407989275133,361.9714189267742,1
6.42064020641154,3.13994027416726,308.9578863873203,1
7.669012536518329,4.589512953061839,356.1365178583499,1
7.128062255250418,4.5105952635743645,319.25085850798985,1
7.036752103833548,3.895572062268123,281.198274407849,1
6.615350134913252,4.453443264734048,333.073545745888,1
6.504876222341177,3.748443401102416,296.0769140589374,1
7.459124173217744,3.5447515214258827,333.073545745888,1
7.036752103833548,4.8048285673375855,303.9617387227378,1
7.096047101005687,4.785637377933364,322.6168782642901,1
6.98944217704844,3.8530475500412127,341.10011521165643,0
7.036752103833548,5.493180964193986,292.93822065534715,0
8.297725877791718,4.166105473671524,297.1386868703105,0
3.8464539500942263,3.143430669227733,326.912133932792,0
7.036752103833548,3.669056835904268,417.3402677215761,0
9.380007092014502,4.5662536959670295,333.073545745888,0
8.998375022679106,4.51693298505062,333.073545745888,0
5.690387424364925,2.9886210311193224,293.46516380301983,0
7.301563449379409,2.7749609493035416,326.2906302400307,0
7.031684050645781,4.422182857407584,401.2688320163843,0
4.348674993039846,4.3609500512264185,333.073545745888,0
5.29419539028417,3.5224540932121378,369.6084646880126,0
7.25793099486329,4.266922561350852,333.073545745888,0
9.25049163907809,3.996339179185624,375.00832351538673,0
9.68047477847056,2.795840129760072,333.073545745888,0
7.036752103833548,3.0179849706530693,333.073545745888,0
6.741245820881107,3.500970573893721,315.57460222571234,0
6.8117022698952745,3.2750084075928307,333.073545745888,0
6.96694296188432,4.356931132830452,333.073545745888,0
7.446089059117263,2.9486574387124453,328.4590221284618,0
6.2106476062546205,3.212123979887552,333.073545745888,0
7.341547112170922,4.025643695758845,333.073545745888,0
7.05139642582078,3.17209111406215,341.56267334347297,0
6.642613909578337,3.8077207988215465,257.4594811240221,0
10.146290479832489,4.481552363497344,347.0697246428614,0
13.999999999999998,3.170993873808265,381.09771140614384,0
8.469537299759363,4.1495532982566425,333.073545745888,0
6.043212070647804,4.196726496344011,333.073545745888,0
5.841118839551023,4.237560417891356,410.3586729981245,0
8.114665425854785,2.6545944901639182,275.0908698567845,0
5.585116998353004,4.148342955341853,368.38746450927954,0
5.903993500851966,3.820021215890335,328.26927214784286,0
10.28412608414158,2.844632740715944,284.4059131098749,0
9.57822672035757,3.419238761867212,356.6983007891088,0
7.094830833998159,3.628459628957123,423.0459737672505,0
7.036752103833548,2.5167691199719173,387.388825936174,0
9.68726002786018,3.085835467046804,333.073545745888,0
6.527440589533234,3.567180516708776,271.8627922546852,0
7.036752103833548,2.3734376939287394,327.3406381003838,0
7.744772552356141,5.016321198997175,332.823798883007,0
8.289224270217973,4.291001305314759,333.073545745888,0
7.249257332525589,4.361486286173397,275.6224867429434,0
7.744098531468294,5.104188246479326,333.073545745888,0
7.036752103833548,3.9868823350112574,333.073545745888,0
6.890274539026094,4.100696951091244,350.6578721796257,0
6.04738085652663,2.216729691055614,305.77658252916325,0
11.568767965914164,3.761288428295522,235.9954609732577,0
10.16483855701825,2.9376862046237355,316.5252085300638,0
8.722311224490616,3.009289196450496,333.073545745888,0
3.717703934990307,3.7802587309291775,333.073545745888,0
4.894278073597652,3.5949908641519697,352.8302221853013,0
6.071183421975166,5.036334153688545,333.073545745888,0
9.032563450772717,3.626135877904554,416.5305326507604,0
9.913703796778616,5.554666740402974,405.2955591337692,0
7.036752103833548,3.4280959259455384,351.96505382122973,0
4.229224558864125,3.733139569707573,304.2751246308213,0
9.135451943607052,3.6436868025547455,333.073545745888,0
3.90656751428705,3.204795725910893,324.3828430618761,0
7.384048887654537,5.337987102089876,347.9620981511681,0
7.036752103833548,3.9136018398050982,396.5287539986979,0
8.524296362923824,4.343059523555191,347.2680922207996,0
5.706130889124347,4.3263943702932135,333.073545745888,0
3.715171359884693,2.353338140211447,291.1041670402553,0
6.519847784240155,3.2722860861005483,373.09157545766817,0
7.910640914062313,3.88660268997553,394.3058761044401,0
6.587464616653873,4.096841156438634,267.2023922065692,0
4.300029339574182,4.58644840480675,331.83463227550914,0
8.5759391744694,4.002128659925306,316.95948955885405,0
8.88493450304863,4.714163452513722,341.47747360324416,0
10.504760200011273,4.681366362015815,402.9535326402468,0
7.036752103833548,1.984614866576952,263.90053754071926,0
6.946717558359831,4.934986029609845,333.4395700228724,0
8.107091815038052,2.7691640707511267,322.0970558127406,0
4.90889972426162,4.196429496600269,343.3052881703235,0
5.098967067721038,4.333667364665705,292.2514261959766,0
6.09309191422186,4.523557774146086,263.453489772792,0
10.033933455332264,2.9015354674454747,319.010074348213,0
8.978997744647556,4.656316782296671,316.9403329800344,0
5.514747799369536,2.798158401578891,333.073545745888,0
7.036752103833548,3.8089129537722095,264.6435334809822,0
6.731278124219917,4.19048402938504,315.8800985244311,0
7.191962028701999,4.1027190407929215,334.77761853113753,0
7.036752103833548,4.9383891935347295,387.6686088396168,0
7.127711209793025,3.396184931416361,372.5372251976209,0
5.632040991917971,3.5119848366395887,265.34711082559403,0
7.036752103833548,4.411057599911063,335.0899933800422,0
7.955026340097655,3.955916726029925,307.6435613939705,0
7.775049500982394,4.699482755916054,416.94919433972905,0
5.168340328145769,3.841162624787827,333.073545745888,0
7.667520860166849,4.618164704580524,329.59709139998864,0
7.272362197396377,3.996581369976495,272.276911622104,0
3.6919326929347136,3.8466069554090008,313.1388859711081,0
7.036752103833548,4.688955206670496,274.65878811634315,0
7.692523533855144,4.522431963911939,299.95884551710446,0
8.157518082656166,4.469430538245373,325.32395487892074,0
7.187765846234752,3.784120779606519,352.9160163069067,0
5.68955434379971,3.732170265260264,385.1973552551644,0
8.758824521484824,3.527565358764985,376.83827872529696,0
9.814247468572583,4.317531286512946,333.073545745888,0
9.969273220889765,3.643379015016296,334.32619561356785,0
7.036752103833548,2.7578568378969397,326.1868555054351,0
9.149126710275947,4.8056412110796805,333.073545745888,0
7.036752103833548,3.582882368510237,333.073545745888,0
5.8408115544650085,5.049463526421301,277.54044913193667,0
7.036752103833548,3.772078072624743,347.5816032204693,0
4.981672050401603,4.475148490099612,232.54881350488503,0
5.42331849638569,5.2246548335445855,447.41796235990216,0
4.83857110672314,4.580371969196687,237.51745555960457,0
7.904053370906855,3.1372804215828185,279.1466829796012,0
6.7440642612684085,3.53412596272367,333.073545745888,0
8.663974819761108,3.6892413611092696,339.03226620069626,0
4.16111196816975,4.16824218857341,297.23921899210234,0
8.515977267378878,2.165681681201685,342.60408278289344,0
9.999807460393496,2.6599776617235293,365.8953376849354,0
7.038092305552901,4.237697607399104,280.745622901738,0
2.803563057437167,3.489938597434452,332.7445191883906,0
5.972599968396598,5.164944785353239,333.073545745888,0
8.180755325786324,3.8454228047917463,391.9182285899952,0
7.010243375540365,3.279006327178673,333.073545745888,0
8.179890443104444,4.295737731458633,333.073545745888,0
7.036752103833548,3.215740139131738,330.9053704120183,0
6.865125275334593,3.955153709667539,402.3134270638057,0
7.950816583814905,4.543685406277425,333.073545745888,0
7.036752103833548,3.3055877980979718,333.073545745888,0
9.58118852272883,3.9291775435011354,333.073545745888,0
7.274756854860161,4.271580716118446,360.697815086255,0
7.036752103833548,2.816074739189638,336.04045183957794,0
8.026773255939636,3.735983475553888,405.5273371997452,0
7.879543234364988,4.066229363880946,346.06367680623976,0
6.448971089901665,3.759326201339547,333.073545745888,0
5.18941366922152,4.876272999617065,301.23084816496845,0
6.538084087098238,5.143750121633965,273.7192819103171,0
5.915806749510903,4.513200539470004,380.7253358421991,0
8.136497868762607,4.20418584976586,373.6527906286026,0
7.036752103833548,4.586748358609115,274.4933954888678,0
6.493764174632957,4.910911020512156,298.3799763994021,0
7.036752103833548,4.894829651096215,296.0912731919874,0
6.977405633483939,5.327584531962534,371.36185124470296,0
5.489248054892975,3.987012090604247,366.21442792036174,0
2.5581027992200664,2.81725811654666,312.0542386778868,0
7.312109303718794,5.12387193452145,276.118281895499,0
8.554096969890676,3.563609859980968,293.655798441055,0
6.704431913040398,3.3953317425857725,333.073545745888,0
7.036752103833548,4.515322333911783,333.073545745888,0
8.02830424150094,3.915990810272195,406.3289206993476,0
7.036752103833548,2.9624329710874653,345.20522222021754,0
8.616824426419665,4.584565663354573,327.8948211850927,0
9.467129030386197,3.164187993708538,315.96039772320285,0
6.793698634577208,4.822958045746834,274.44471856196486,0
7.036752103833548,3.8511542403564745,320.9900505180545,0
7.036752103833548,4.123239478994038,408.8559023762276,0
5.48605860232047,4.557707495106894,333.073545745888,0
5.050748379982704,3.9302906628109806,284.2150724390233,0
6.246117565172954,4.755158013341267,296.9236255206414,0
8.142330913446468,4.704865930385587,205.93509063777853,0
6.8528990851413285,4.59476061363479,386.1673844440371,0
8.801933555312004,3.769831936118284,408.4178655793511,0
7.036752103833548,3.279888338014177,304.64808984573074,0
8.38376169055724,3.585736634632002,379.5416408901525,0
6.476139840300842,4.041580246514462,348.4749425060669,0
9.894562128568642,4.617532880225431,349.74844570387813,0
4.808039747375347,3.597759969232954,359.4062362194837,0
10.577930500044534,3.051607724265514,379.27749521051993,0
6.304971659666424,4.221305733897756,333.073545745888,0
7.822491882508682,3.835332168411456,408.1232545376626,0
7.989376233974929,3.648743737198719,312.73999309163503,0
9.671796765490882,3.895103865877136,370.2948672726229,0
5.941265555962168,2.227370875365405,333.073545745888,0
5.57475584790786,4.371806161291622,329.9396312294063,0
7.610509210594297,4.692217919448618,301.7872407090358,0
7.102446618231696,3.0655083720975367,283.34432098199545,0
5.152739798697215,3.842625171191581,318.4509740845522,0
7.301463637868686,3.942709368896421,333.3392821805141,0
6.104925813644357,4.13193258707139,335.39647488556784,0
6.001382440647675,4.03671976209437,331.21486749826903,0
7.036752103833548,3.830883636685994,333.073545745888,0
7.885678999417978,5.430349993501885,340.9789847642716,0
7.036752103833548,2.8576872045024406,369.2238515470577,0
7.679090583265879,3.186823454952539,333.073545745888,0
7.036752103833548,4.169924018257802,393.8409174720816,0
10.391942387040755,5.771714760283059,285.728419638777,0
6.714862378221963,4.593763682023074,331.4845300780504,0
7.3496533769711,3.861684092322543,333.073545745888,0
7.036752103833548,3.713109663734641,325.47842273693664,0
7.345138416508713,4.297994790844033,361.4404870366909,0
10.14708957613564,2.799440618470093,333.073545745888,0
6.380717315013499,4.532019663169412,357.2410268323941,0
7.940646963676027,5.431836700227226,333.073545745888,0
7.036752103833548,3.906526284947749,333.073545745888,0
7.786734690190797,1.9614754295823136,329.7086319226562,0
6.32304031407478,4.749424236071901,333.073545745888,0
7.036752103833548,3.794033112326824,395.4959538839071,0
6.645657377741357,4.17065776273292,333.073545745888,0
6.014539831399093,2.6860687411094224,283.3403680387379,0
10.086771239804932,4.334122045645791,333.073545745888,0
5.166225969826906,4.608319394330376,333.073545745888,0
5.573201156513374,3.59962466050966,383.48111566624016,0
9.49455872615755,3.631107121693928,333.073545745888,0
9.03650434774976,5.66198446300676,350.1838407262293,0
4.400509038627463,4.010809122979649,333.073545745888,0
6.975392341170819,4.931460167853588,304.0490741648768,0
6.687749780088492,5.559984936815951,333.073545745888,0
6.867521704142662,4.837268003830061,330.80565165072494,0
6.155249161058691,3.803908513723902,310.1406605359538,0
8.303263800482528,3.892667001906776,301.0872465291933,0
8.64163407535188,3.4166252445077263,290.575996411019,0
7.036752103833548,2.9942592099578635,333.073545745888,0
7.348611231182264,3.544537267623399,320.06510614791307,0
7.573905933368074,4.410729144201569,333.073545745888,0
7.855906367971113,4.15188982992317,300.2929541952037,0
7.036752103833548,4.013477061980527,325.9008185961469,0
3.798391049424724,4.833507857483394,396.1072300894985,0
7.036752103833548,3.514096506406704,322.89626098830894,0
11.235425957161038,5.14705527626746,327.6509604169697,0
6.396341051039925,4.445907180228989,427.3778015902359,0
7.036752103833548,4.006631571280796,336.6527027401045,0
5.228506322285567,3.1888054730050284,337.27089678741,0
6.512239644597469,5.425794714477963,389.3369928368308,0
7.834319239941967,3.53293609627941,307.2286660917603,0
7.388292038904119,3.846830261190497,333.073545745888,0
6.020653841390852,5.217131275201896,416.4952131291,0
8.388322494203614,3.85477151639589,333.073545745888,0
8.384296439201583,3.4609983762206533,352.95280331182386,0
7.393977956767953,3.7827275813713945,333.073545745888,0
7.036752103833548,4.494459701511088,331.2729192195572,0
8.384623151510734,3.682780337626534,307.3629432592332,0
7.094802142633516,4.084660032563328,333.073545745888,0
6.565319432045672,2.233894046042616,340.9139200716889,0
6.381719579700289,4.657694981516447,333.073545745888,0
7.539742094671527,4.210677839594846,333.073545745888,0
10.628820911367818,5.140449466636444,327.0641849167144,0
9.228484208847256,4.829753513504483,339.8207187053917,0
10.524601982194516,4.340986728185262,288.5659834867594,0
7.036752103833548,4.795407220007135,316.2344327517784,0
6.021265943377032,4.028042400756272,286.9385170034551,0
7.036752103833548,3.7783021620210056,362.070174491647,0
5.973951249276727,4.208923205336376,399.25369012854185,0
6.217579612346267,3.490002013654286,306.8925996433463,0
7.036752103833548,3.5244138421322546,322.0219094984108,0
9.130607243837645,5.288486793442537,386.6997764306265,0
7.036752103833548,3.978746921874003,253.4335055124074,0
6.095511874689899,4.302015722703906,366.017335777253,0
6.195254905476403,3.138971386531074,333.073545745888,0
5.81456423425241,4.131911907800047,348.3523740719046,0
6.756659807295844,4.184873593047181,275.24044441243524,0
7.036752103833548,3.5503111429393712,333.073545745888,0
6.369973529850304,3.42706637445344,333.073545745888,0
6.601407394510328,3.973576405808536,344.0344608422581,0
5.651933841463073,3.8720271369929233,390.5376556752136,0
7.606066882417412,4.581477460023954,322.3565718913334,0
2.974429410478532,2.7799018424746342,393.16874459712665,1
7.036752103833548,2.619420878956215,333.073545745888,1
7.036752103833548,4.4318291438537125,238.4465643028421,1
8.111101031034266,3.663774941094516,333.073545745888,1
7.116132606475939,3.915381677508523,292.3244034727039,1
5.28029229639521,3.835305907991308,333.073545745888,1
7.036752103833548,3.346057063483423,362.2616360724188,1
9.808258178934237,4.481261240482848,233.87032745359195,1
7.036752103833548,4.492387447051166,335.894456356063,1
8.01883160724048,3.188477333734355,322.934548175136,1
6.60364071679867,3.4037984349167267,316.2535028680888,1
6.450805742930156,3.2755811820087386,335.482193743652,1
6.266378409594093,2.936610534549435,376.87055545344543,1
7.036752103833548,4.90436657594971,379.9629732706872,1
5.161878763351532,4.320100540830725,400.8960233338551,1
6.984405530368805,3.406210457516684,371.1464579448712,1
6.791992649110415,2.914057480221306,326.5858460314715,1
8.309227709741469,3.756396830753752,278.86683483944194,1
5.057736411358974,3.163935937469414,481.0306423059972,1
6.908272154356689,5.405567222899759,307.1022061806672,1
7.243409878975713,4.466935915288811,333.073545745888,1
6.164480227353412,4.834023096246113,319.9515925585794,1
9.160997540099476,3.542527792591825,262.57204204579494,1
5.277875568290585,3.6326070323383215,333.073545745888,1
3.9757526579292986,3.666823798966989,373.48642498835073,1
5.685216462878775,4.066156997388842,390.09473084486194,1
6.93365391024419,2.0107286862843203,317.0668424405928,1
7.464485186199689,3.8805760174542048,300.6906506646383,1
6.071838864034008,2.691610394877723,319.03734575176514,1
7.136102612573539,2.5741917719754124,305.4300110555953,1
7.036752103833548,5.036017097278329,333.073545745888,1
6.328553081263288,3.2658541365015537,333.073545745888,1
6.150595718406801,4.847520234035199,375.801130059556,1
7.036752103833548,4.067414044403119,298.21381596939113,1
5.508155525691396,4.571406411209017,433.0215060974389,1
4.761105184627487,4.581395077548666,374.4773192771577,1
10.490744032724807,2.88702293905644,333.31988173947536,1
6.676137319471859,4.33664848480327,281.4068712268335,1
7.973307535065096,2.826111940669668,283.58383431065624,1
7.352146037579763,5.864497891134695,352.849847308503,1
6.990800830630459,4.3326398719810655,310.8876168539249,1
5.468360932331922,4.93346794921327,410.4592723125703,1
7.835906989202026,3.183864093341969,333.073545745888,1
2.538115773481364,2.8400972144695893,417.9999999849433,1
8.423084471695775,3.958608983759079,329.1322387379984,1
7.617014108815567,3.800552599356129,298.35185018045047,1
7.617033493510344,4.299543395683084,298.4132377405312,1
5.429334842369292,3.0817359202705807,394.0011950047867,1
7.036752103833548,4.58215729826292,294.60303753204903,1
5.49597599882932,4.901038222067857,416.8885268904612,1
5.092757238606061,4.636728696472332,258.4442941492116,1
6.2528102107865005,2.9217973892390896,330.9492098830152,1
6.747415283032476,3.37745052375287,358.2298656394837,1
6.640862809077265,4.708268601649437,304.7574336004323,1
7.036752103833548,5.437429061426661,399.503611118736,1
7.300990131038159,4.596347340478699,333.073545745888,1
5.4985146932294855,3.074815427836984,352.25071130398965,1
5.652501287341676,4.85644419196427,338.0288520725919,1
6.1649272929056105,4.169660977577574,333.073545745888,1
7.8519256917911475,5.20404417792976,338.6033223770302,1
7.221689439703995,3.160818481426782,352.1245674695835,1
6.578083890884723,4.890415758942131,333.073545745888,1
7.859489939100051,4.498069165936723,313.34419794784225,1
6.073684981465111,5.249069810806525,437.6471625321793,1
7.036752103833548,3.8501348891737166,333.073545745888,1
6.4079633358080486,2.954092652381751,330.9140756150516,1
8.646642950300487,3.3332426816293994,333.073545745888,1
7.184697762508415,3.904063423060472,378.6754560984685,1
6.932085030049922,4.433285887697208,333.073545745888,1
6.174750579100353,2.566048788361688,338.7030157200026,1
9.540252240007296,3.3295038991199046,315.35908503766194,1
6.888842932366855,4.512332449397938,355.4785627273725,1
8.174186267047556,4.709402884560948,285.33202575840426,1
8.756926859235552,2.9456717268238743,276.27810018907667,1
4.740056688020883,5.467935706130962,367.8050161117911,1
8.764495619256667,5.790838006076015,328.7598439625314,1
7.899451562181437,2.8537673494417257,319.88695656532974,1
7.402653150168774,6.2265804048163975,295.9313733055275,1
5.800034176989708,4.0744075716550965,374.3577838863687,1
7.08918418720376,3.2660285121463977,377.7780241371515,1
7.852206664016244,3.5324376192277365,333.073545745888,1
4.945694700087746,3.782517460306926,340.64566954904654,1
9.77693205003625,2.569468001273419,293.82500782761844,1
5.153488640267044,3.749920564530525,333.06193936684105,1
6.884981084419804,4.584319179768512,319.13499052518404,1
7.608750191252161,4.627464223238918,283.80296707764285,1
7.036752103833548,2.290411119725527,365.9612577826815,1
4.901906856012032,4.103534274020024,368.6186875689668,1
5.711212506317297,3.9533349669675455,385.2060973762994,1
7.476689511613987,4.195539286347104,333.073545745888,1
7.033495055020295,3.678957092279025,333.073545745888,1
7.036752103833548,5.294159073122183,373.9887141206795,1
7.036752103833548,5.149542443249875,312.95469455514376,1
8.655298873146698,4.588758377714621,348.618844341726,1
7.036752103833548,3.168031026202658,354.277369736677,1
8.3043346530985,4.181254134458123,329.10063595527816,1
7.717076952182754,4.967975792277656,268.9449569680989,1
7.555822759422741,4.099168690603565,349.94894140528936,1
4.881729593763433,3.05019758470709,419.7164116688447,1
8.311271181077604,4.4620457379771805,333.073545745888,1
3.800431282307122,4.473976075064174,418.5593469814797,1
4.083594880123227,2.974870902771941,341.5971527449922,1
7.036752103833548,4.575874147599674,367.1934568277953,1
4.865069696444607,3.974972302235226,412.03712025958697,1
9.62472688627138,2.615257476344298,329.17445409836057,1
5.188776875456335,3.769503907225608,326.4678979014824,1
7.842979001264934,5.109312362176544,333.073545745888,1
5.916930488243061,3.157559520446912,329.6193364555097,1
5.729689120388078,5.100552354171285,369.153970035339,1
5.678220967059215,5.429781739947604,418.2472281011371,1
7.386581819694894,3.7913725882785383,333.073545745888,1
7.519227463461571,3.2757249591599726,344.70367330852383,1
7.446225785014987,5.0866985617202864,333.073545745888,1
7.753936117609168,4.833026694103558,344.1218987043604,1
9.159660476654182,5.452362325257576,301.7464105813696,1
7.496990927216014,3.837926004293759,297.1324489170622,1
7.542300167142759,4.317553511769741,278.2504358790878,1
7.159052990497457,4.291668966809951,367.59639651851234,1
7.036752103833548,3.5162378046280005,333.073545745888,1
5.844673795577308,4.3380560876593535,394.6583799124427,1
7.036752103833548,3.3846485053932147,253.5802344856185,1
5.258414736632194,3.7307927875940017,341.6406947178433,1
7.420640789488351,5.423767330031326,355.9714951598641,1
7.074251443801101,4.878944115790008,333.073545745888,1
8.189213850977879,3.709508878038789,370.121384654358,1
7.744130993509203,5.207683455238749,333.073545745888,1
8.289857906323226,4.289236735135712,354.95933019478406,1
8.025220020635544,4.134942729310314,318.11439462330753,1
8.848927372187074,5.992325026682801,241.12629768934127,1
6.438421803670398,3.3803603938404394,322.45177397062656,1
7.036752103833548,4.459393979995632,371.6755553128619,1
8.205550719357213,5.129527820006001,276.77009768526824,1
8.310373671963342,3.493053886006752,333.2713702191924,1
7.036752103833548,3.980920352299426,339.1588774854099,1
7.833970823584208,4.814916877070632,301.76038559076267,1
8.142660400879283,4.617093489122915,354.8971312058425,1
5.896432475240334,4.280792929244013,356.75619100725004,1
7.036752103833548,3.490172614179791,326.5048926283552,1
4.310701499826136,3.1723754914035887,364.45849744115736,1
7.895769121117427,4.391731338483637,353.97618125213813,1
6.862995092159006,5.343285034332101,364.1102004831295,1
6.30476863013428,5.109934757659329,333.073545745888,1
6.578680569429318,4.292042179344561,399.6172172049857,1
8.96724410982202,3.74225594357064,333.073545745888,1
7.036752103833548,2.848370818146627,370.53852440320816,1
7.423088086315854,3.712681965458997,312.10316131967403,1
9.166758132730486,5.429266409418421,304.52852122400714,1
8.468694414938106,4.375598892354405,390.8073612703429,1
6.486152659745713,3.246794304771333,319.07435763965367,1
4.439095783352975,3.844230760680544,333.073545745888,1
7.79278353049359,4.047380786186089,390.4090696859542,1
7.205218263646112,3.465331089346429,333.073545745888,1
6.569053876389385,4.204699128535813,327.697540846151,1
7.036752103833548,4.164772623814826,333.073545745888,1
4.291687729728828,4.61608855445448,333.073545745888,1
7.036752103833548,4.403876807334038,354.76811485914754,1
4.921093903334441,3.285186850930748,357.8159294071112,1
6.727185265204605,4.158248534758004,346.6287351593673,1
5.757088957380868,3.7301854671420926,319.22293559720606,1
5.842359064086903,3.86529596711091,328.50392114461044,1
8.848103019208414,3.074799305886774,323.35174895392146,0
5.866250667826014,4.281313459019756,320.01237161717387,0
6.020995362815591,4.806016624928021,333.073545745888,0
7.529929502630923,4.585321994452448,378.2417817104374,0
6.649705311159435,3.085178509021315,333.073545745888,0
5.0977862263181,4.829323363639572,326.33486294038033,0
6.483994507852924,2.6886432854606426,326.300097940938,0
7.036752103833548,3.3999454918012777,325.41324793204274,0
5.669699209078309,1.9101166454023035,343.4855329870198,0
8.127710424418524,4.244173211474281,362.2757069737375,0
9.106916914695542,4.186726398762156,333.073545745888,0
7.575757883896304,3.176432526006715,334.0274201302968,0
8.246369053777844,4.433256610390339,332.7661559909496,0
2.9454690611226875,5.06998277048037,333.073545745888,0
4.964070341569739,4.76170080448234,333.63951130624287,0
4.991396889652936,3.9265987301511833,335.50983022723005,0
5.045625730051444,3.3317866407748085,296.4251537591952,0
7.036752103833548,3.469561085530682,352.15922580169735,0
11.069456289054555,4.88051238141723,333.073545745888,0
5.7753308887641,5.164259921170333,359.2669617856105,0
9.01210031314688,4.962329207225059,358.3367600531407,0
4.031610444420666,4.03793915512632,333.71086998434754,0
7.88212394746559,5.364172169372378,333.073545745888,0
8.759488714536651,2.8895781098103392,324.03850572682785,0
6.65364951527896,4.871406193456357,293.61104846860246,0
7.036752103833548,4.963535103139469,333.073545745888,0
4.473882085450574,4.893656690689322,333.073545745888,0
9.349469962360622,3.778022672484786,320.3239840442836,0
6.862936025532809,3.8060932559249823,285.1921809613472,0
8.261405952114934,2.800428120229178,333.073545745888,0
8.860324241725671,2.4766744197524457,333.073545745888,0
7.496510679592297,3.3634032575749067,325.4039934454662,0
10.164173337271418,3.530940954727128,310.8450723294215,0
7.036752103833548,4.086175636933568,361.0093106750239,0
6.039823242055416,3.923766074944689,350.7562609485109,0
7.036752103833548,3.240419096520532,319.8705844996722,0
6.057904774112318,4.269753245404226,302.6986306448614,0
8.005016372063832,5.288776596554314,300.6971279883858,0
7.036752103833548,2.676593519083002,333.073545745888,0
7.038347516788063,4.575578404717106,320.48375406450674,0
7.036752103833548,4.478070476621262,304.9514981066884,0
8.237091873714283,3.6860744730197146,333.073545745888,0
6.574083863949985,4.977323507740182,330.7896948074798,0
7.338107609571772,3.736379595420893,309.6145601155897,0
4.851103882370328,3.6441068937291146,368.94121387425616,0
6.917920215961807,2.6914851352386666,299.4027728640334,0
6.709336439351165,4.074387228438908,289.92138048008235,0
6.894050878953207,4.568843222982035,363.3087554222435,0
9.864727092099823,3.701895298447844,319.3820022667278,0
7.036752103833548,4.903914479432386,329.14643755032563,0
8.039696863248341,3.8260632484284898,333.073545745888,0
9.824706476038184,3.226035359326217,333.073545745888,0
10.887304994821244,4.004161299520197,334.1808334152958,0
9.831401690527043,3.3118081384490137,295.7742177868908,0
6.528479452805517,4.0632764275187885,336.296413110793,0
4.0914114501536405,5.952324819621305,282.6935021085308,0
7.036752103833548,3.500848661792521,362.7219539268882,0
7.036752103833548,3.1653909007410843,343.5987003271209,0
7.036752103833548,4.323989597567092,333.073545745888,0
6.175164949384786,3.3413692911239643,337.5062107470867,0
8.73612638374922,3.368532611305949,356.41543394574416,0
8.240945815161524,4.666295331297613,350.6149618621469,0
9.152284708947713,3.7927771004295474,372.6944653520133,0
7.036752103833548,3.813435553007681,333.073545745888,0
6.317576553625639,3.399047913765313,338.897199887854,0
5.692124156757815,4.682390726356548,309.1216019501163,0
7.036752103833548,4.115320543495385,325.0612460679277,0
7.036752103833548,4.536181266097956,346.44115535089605,0
7.191493718892235,4.320683960630699,332.1960481546365,0
7.381108533992378,4.342737529662858,343.2396122333182,0
6.172517370068869,4.12998499476456,322.52103540632453,0
9.076317993707086,3.436985823583103,333.499202708036,0
8.854119540039433,3.461350424204644,395.72854084641415,0
6.7680600489552045,4.145806701539799,333.1981906695688,0
7.036752103833548,3.109695767607044,341.8856820446872,0
8.543216836760848,2.847875247872657,358.5564706717798,0
9.564853066461303,3.182805358542542,346.70520909422305,0
5.499787730339284,3.668220482707948,322.5165819210381,0
5.1959206693648685,5.375901893717908,319.253631429962,0
7.283913577235948,3.571862512137936,332.3319845089794,0
5.872439859467661,3.741067232809489,333.56458741789834,0
5.735723554720852,4.7329535713429145,377.5432914064549,0
6.158424006182359,5.080497554589536,347.8937384892068,0
7.2943644330256765,3.3365823322327546,321.3205510637133,0
7.054266774415682,4.780615831540402,333.073545745888,0
7.036752103833548,3.151767824317796,336.04074133697253,0
3.14871228517616,3.4656378359366347,293.16079970939967,0
5.665266376618309,4.571823610842425,350.68173225737496,0
8.310938776156911,4.408559683629245,373.46354411156966,0
7.096098311427181,4.569760035565905,333.073545745888,0
7.957113516429416,3.7298733005458473,380.0781732018948,0
7.40023858050054,4.880119767695945,310.76115983302344,0
9.734619707554277,3.5065029938769525,330.6357882488822,0
8.037761108429645,3.572519001665757,333.073545745888,0
7.036752103833548,6.099631872543664,345.1099622273243,0
5.681810748088655,5.37515660940302,333.073545745888,0
8.394509584685622,3.7124728343256175,337.40634181291495,0
8.528292137777413,4.596923506361629,349.99574596267195,0
6.238053654469459,3.8483069668474856,335.8583693918524,0
5.870615501212626,3.728785236766734,328.74731541306977,0
6.433726195268951,3.117918258462248,316.54146832606426,0
6.069363893970801,4.914809132195682,325.4669826709031,0
6.660461917426393,3.673135983203847,326.1570433481099,0
7.506111456769499,4.7440066912633,334.24330397237605,0
5.895145558138062,5.075214287652746,305.8077373909683,0
6.44923665656657,4.0651480018614885,333.073545745888,0
8.550525459441477,4.591997454258289,322.15603714649086,0
7.122637439985312,3.750446964802988,333.073545745888,0
8.558663124002488,2.590635463496218,310.01495071057127,0
4.624304290590603,3.424250048768879,372.0373588801448,0
7.036752103833548,4.117287901677459,370.86954997899807,0
6.091382724208516,5.075519615924211,333.073545745888,0
9.658661976447796,4.6393865551816,374.18167434281554,0
8.115624506544236,4.4088119398732255,333.073545745888,0
7.036752103833548,4.45464130113273,433.6943202459282,0
6.914868152466825,2.9886114436022857,324.38317019159336,0
7.337924402194623,3.935513836805475,326.2547012986055,0
7.766114454212289,4.3999023132719,364.0814124364933,0
8.433974835689948,3.1677123526669337,317.30136870447586,0
6.891549222025178,4.958936840904343,333.8024747167596,0
5.946160789485686,4.903632078861019,323.74282679894264,0
6.363836377773103,4.03898350222683,320.63072496033186,0
5.331799285360081,4.734873906917863,336.01190807893107,0
7.036752103833548,4.799012921311841,334.04996256351086,0
8.466013448224412,3.946620539760018,286.9439221263006,0
7.426274011029841,4.363335813318021,333.073545745888,0
11.219134743203494,5.749585831041931,333.073545745888,0
5.708517435331991,3.344284853666156,351.5732574738831,0
6.559627885261048,3.664463030864346,387.51881042376806,0
5.606315225526715,3.7487405069440447,311.6801657822565,0
7.036752103833548,3.887361927071367,381.4590234839477,0
7.036752103833548,3.66686969365282,333.21904680791164,0
7.036752103833548,3.44029961478404,333.073545745888,0
7.539337775748651,5.114128667825761,345.1392345034016,0
8.849702725492898,2.9876715235886198,329.5021044145921,0
7.682762474412737,5.044306091718337,380.9456026792301,0
7.036752103833548,4.725347454549987,333.073545745888,0
6.448191031909269,3.932210320679033,333.073545745888,0
10.199412694268364,4.384868014016786,326.462665812632,0
7.766186660186794,3.6742254421508536,333.073545745888,0
7.036752103833548,4.129300910378934,333.073545745888,0
9.75657762790083,3.74900925781602,333.073545745888,0
7.036752103833548,3.860806603165301,312.97625428739843,0
6.406797812679788,4.573968264696438,332.4867310535757,0
7.036752103833548,4.697040686340625,364.749482396199,0
8.445219158974174,4.400705861502303,333.073545745888,0
4.137044912614196,4.327356026643432,322.892252322554,0
7.675913621057367,5.040460814701462,333.073545745888,0
7.036752103833548,3.5584448016334145,350.44989739796654,0
5.701100970110508,5.956753497788005,374.7758755692835,0
6.376576427120522,4.161585514695004,333.073545745888,0
5.517737316420501,4.523106007500935,333.073545745888,0
3.854617678402051,4.2904350458230125,305.3829137083549,0
7.558076302469553,4.16900526664164,333.073545745888,0
7.387433763492869,3.830577272004085,375.5055830955506,0
7.763415106574563,4.113536186706407,373.59779045374427,0
7.036752103833548,4.252220379574883,329.40439987717843,0
7.509350205118649,4.321856146871566,346.7418224053179,0
7.036752103833548,4.659394533911933,351.16142711715133,0
5.05727054567867,4.432270873166642,305.8497968115242,0
5.830542048973098,5.192116650426924,334.39777726148577,0
5.859690474378696,2.747332826860612,339.3714799109463,0
8.891674050856766,4.522599229324436,337.04710819949133,0
10.154219072428932,3.730899268667571,299.797515004826,0
7.036752103833548,3.581036881421095,321.6710734340228,0
7.683156515101875,4.78132309399482,333.073545745888,0
7.455541163214249,2.9303645961216582,350.108093451594,0
7.036752103833548,2.994780121985052,333.073545745888,0
4.8118324898032325,2.8609929488436383,296.0021940743876,0
5.720136479125319,3.5132554958442737,333.073545745888,0
9.961503136754189,5.215590495080511,361.2211655449381,0
3.2309731059187423,3.281920559169844,328.24028919650993,0
10.188432654950685,4.635243482549487,321.6860585050679,0
6.262907281727785,4.5949191563642495,338.1953870424825,0
7.399811393921775,3.803723817903262,302.31575926455537,0
9.271668544453812,3.7442036323060304,274.6461166013127,0
4.704183667003456,4.138994399941143,317.82981362018035,0
8.654792650142806,5.148137887599708,366.1479915107312,0
8.018771948965188,4.356279098148036,333.073545745888,0
8.18936335603807,3.688298056277853,334.0542887454589,0
9.341091803370398,4.598786500022123,333.073545745888,0
7.036752103833548,4.122850190557185,333.073545745888,0
4.891960039961394,3.9042699551582665,349.824390368496,0
6.056817844582385,3.3580608070454523,333.073545745888,0
5.655117422470192,4.401152242426085,316.49563058220923,0
7.890263352659877,4.636738762684457,333.073545745888,0
11.907739829669833,4.256415420544105,333.073545745888,0
8.81147224773704,5.58739598761068,360.2955742715124,0
4.126581310415113,3.504750791059393,333.073545745888,0
5.735358658660184,4.085054788353829,333.073545745888,0
8.000775801322487,4.519209517780029,308.0063209830255,0
8.77504747012084,3.830698864046188,387.245552272456,0
8.303831038249468,3.3926567014093307,333.073545745888,0
5.082241431687362,5.056378662464013,309.7875154938142,0
5.813546487993315,3.721425933150612,309.45118665243217,0
3.4223941642163864,3.676245974726413,333.073545745888,0
5.913374863624714,2.4998319694156934,333.073545745888,0
6.783023739620584,4.778808149718986,333.073545745888,0
6.836059947015487,4.95250824745396,297.83718775679733,0
4.884388228619609,3.616700535246352,333.073545745888,0
8.331553235054374,2.692388879566732,276.4022799305985,0
7.81965915392936,2.402337210865,313.1681338022443,0
5.428356913745278,2.847843537561225,334.08697707537203,0
4.556656719060655,4.392257324547549,333.073545745888,0
7.333003447205329,2.642003806281338,341.34644310357527,0
7.1143867193719466,3.762682465763934,333.073545745888,0
6.376950463991447,4.284387095962003,331.8568920571772,0
9.33823501843064,1.872572600841316,342.7208076895702,0
7.036752103833548,5.541322279631281,322.0595875907542,0
8.933877610085764,4.374796521715554,318.3565023281675,0
10.600589992057158,5.477700313791723,350.36370282930966,0
6.8388167067275365,4.776536254772465,365.3488403434551,0
5.600876517470604,4.362033669355959,336.4048186843101,0
6.1025333060713525,2.292573781243537,321.4421133079332,0
6.490922996455369,4.372333382242299,297.51279913594885,0
8.506979070074129,3.8817938351483177,344.1272533979067,0
7.4132883405347805,3.290105906261202,355.16479233181985,0
7.036752103833548,5.146442623782875,350.54775728028994,0
7.586235787902423,4.351335081254766,333.073545745888,0
7.103348375140523,4.417193560665691,293.07866601232297,0
6.153495923977116,4.819970457896787,299.56675093202745,0
2.376768075959951,3.6292177681489743,301.4297472651064,0
7.51483566596394,4.299732160445903,335.6524539491673,0
7.445189293060908,3.637894581214215,333.073545745888,0
4.835297728180936,3.633760608001249,358.933088695935,0
8.376279724659616,5.703962806658419,343.0579753047423,0
7.945909068934831,3.5854312498873027,292.4192469225516,0
8.727778876323073,3.831540450516013,326.9079235592875,0
6.089430846297192,4.366860919211035,317.27912321854524,0
7.172323075211824,3.0842156404583103,313.8662821657234,0
8.332953484844603,3.40829958802318,333.073545745888,0
7.036752103833548,3.95509083425873,360.6722106910353,0
4.563370643484322,4.825179225576871,338.58492124673256,0
7.036752103833548,3.52248646263634,360.0869012109182,0
3.6768449933847727,5.461473095749794,289.1268457275752,0
7.036752103833548,3.5171530228599703,337.04789601137617,0
7.889079734906216,4.034040700765162,333.073545745888,0
5.5257685450431415,4.401412624381881,333.073545745888,0
4.85805560159329,4.130972246502359,333.073545745888,0
3.2728200975185464,4.318516117496335,336.6878090650066,0
7.1175786583500535,4.333401737047984,335.3488806722955,0
7.822257362901787,3.080865918611655,343.08037715977423,0
4.334057805514532,2.6135320972149896,321.7869652717761,0
7.036752103833548,3.259749193787483,383.7542994625281,0
8.839583902216155,3.1180394543789456,343.0473836611294,0
5.290666876847178,3.530573615782637,358.547147467949,0
7.873271692669199,3.306392909436918,362.4846035904741,0
7.148440931892334,4.308569820911373,333.073545745888,0
6.453605209394529,5.568264940032508,263.40125835281054,0
7.036752103833548,4.940014517196936,333.073545745888,1
5.654118943459351,3.4662644582513105,387.9046318646671,1
7.650683237261012,4.043710883697663,373.4363117236974,1
6.4182030571970845,2.6709767469328685,321.865250214064,1
6.848000112594903,3.815227608716361,354.25055480333185,1
6.991685152928785,3.724823560337372,331.25291635773544,1
5.924799469006341,4.188927903696815,347.86183690896894,1
7.526680395036496,4.1482231286287385,290.6417397203143,1
7.036752103833548,4.849755347855416,435.1151885656065,1
5.324641431045321,3.652003355217872,333.073545745888,1
9.038326068974223,3.706265891722728,231.0536871188208,1
5.945988643250958,3.7933292763371305,342.0291151694418,1
6.195086857984779,4.196558262262504,342.87180667804705,1
9.062822324592789,3.730369857064929,308.7807685791531,1
7.137428697435654,2.964181350437086,301.6420043740836,1
6.232010556459672,1.6415150097935705,333.073545745888,1
7.780868679242907,4.602026774692102,302.32967382496975,1
7.150046115062049,2.633890804064505,450.9144544082035,1
4.574124682109073,3.086499925758962,403.3423898821915,1
6.179312077651539,2.951960935251281,272.44084830538725,1
5.566328462754787,3.424760733829153,333.073545745888,1
7.036752103833548,5.136779753078214,322.0904651822847,1
7.185167714343043,3.9558469776104976,333.073545745888,1
7.036752103833548,4.141552313336079,380.7684781849012,1
6.990452676633395,5.184441994818037,377.8680395092279,1
5.810742057236217,3.4369668618570386,313.3647973555195,1
7.444165851996699,3.820865704129012,333.073545745888,1
4.374877631689642,3.030107847333986,333.073545745888,1
6.602539771517404,3.5924960849831398,308.9314205965471,1
6.857493757803479,4.306581068206637,368.105783101925,1
7.036752103833548,3.888177383128361,412.40727797286064,1
6.789820821454213,4.5120682052334455,399.981754613406,1
8.560349290980842,2.939212581325054,315.97114737909334,1
7.036752103833548,3.787475537347365,354.29756524708256,1
8.277058197816894,3.751324090887501,371.3027473027786,1
7.036752103833548,5.068469997878655,333.073545745888,1
6.921257043340869,3.5403842778756958,333.073545745888,1
5.636923560026004,3.007138098511581,328.9072865620116,1
6.607503310701949,3.447111218633033,418.2409428398651,1
4.951413520154646,3.870681284651756,391.0690453986924,1
5.913132932597382,3.900211313902089,331.95996373112564,1
7.036752103833548,4.706774891746261,313.2636073203046,1
5.796236902009642,2.4836433968894216,333.073545745888,1
5.039673103915176,4.864866409455395,422.7690683261634,1
6.163519015359364,3.477244889243602,333.073545745888,1
6.339142826418309,3.3557650163097223,312.3940785189842,1
7.61067277645396,5.404817647950804,333.073545745888,1
5.782079033854955,5.059361568255062,333.073545745888,1
6.451503543212321,6.307678472047721,377.2698410872411,1
7.036752103833548,3.68559289638376,333.073545745888,1
6.920448700069692,4.498818335873909,317.38231458726574,1
6.549187601426585,4.190311120790964,333.073545745888,1
6.3932313449189255,3.6443881273520127,330.13213850397693,1
6.100245391093,2.174898198676531,366.688794745683,1
6.3594313098556325,3.636494910947968,333.073545745888,1
6.272474990901286,4.612535780383918,399.0529411395514,1
7.036752103833548,3.6002204377572,333.073545745888,1
7.493843860854462,3.8199465596846975,269.892346696778,1
7.63526469216248,3.9483035163532407,306.8002861322346,1
9.097617417474694,5.473663248895655,274.95902794760167,1
8.040144167343296,3.986459812349238,418.9550102706045,1
7.296908882387336,4.671448182615176,276.0132734412326,1
8.22680803429499,2.1887018433563847,333.073545745888,1
8.014183072060874,3.4170761989488176,307.9874583188546,1
9.25289339735736,3.566434730432753,276.2863048240161,1
7.288112706816173,3.626989960403898,358.9786197167675,1
4.865444268085012,5.070254359377525,365.30113520961913,1
4.762828659328944,2.471786245060302,333.073545745888,1
5.141506876714266,4.510578266177086,389.2256728839607,1
4.886379803626396,3.227849086219344,375.8991685935278,1
9.454119448104636,4.0586260103019,227.66563528463143,1
7.000523220722731,4.333688587372011,395.2413289704521,1
8.323982150124747,4.153782657266314,350.3257358347887,1
6.643158712135614,4.562197671215202,333.8488418801131,1
7.036752103833548,5.709690240551309,351.21496237157373,1
6.758656470581755,2.743890221761156,333.073545745888,1
8.628893415492303,3.071350370794229,254.35880116793825,1
9.794717848521511,2.807129774600525,291.19726053329634,1
5.376078292034362,3.629250321506012,343.4866326741927,1
5.603325960876688,3.9004213611254857,404.672920868325,1
8.592417714156252,3.7012879418226263,333.073545745888,1
7.266781485544794,3.9198270449578096,314.3906280806606,1
8.064652809050983,3.3241126143010957,253.48122792295464,1
7.036752103833548,3.71095753994514,333.073545745888,1
6.336456502432508,4.561219815198779,321.8176616454779,1
6.1663482229269535,4.816304243581658,333.073545745888,1
4.533399113632135,3.188640741905024,413.10219826509183,1
8.951652135487269,1.8443716036962137,283.86769497657235,1
7.210773702067905,4.462408040870791,324.09572612501927,1
4.238282524808328,3.787425889312188,351.2373616477445,1
8.264090516352203,3.4105107155681607,333.5005378051933,1
7.893312711115429,4.097360116401124,300.1521720359129,1
4.855587760461034,4.697153025520578,392.6674818123875,1
5.230453969096887,3.6956151117926663,388.9980794979731,1
7.017295398626637,4.899611272468954,378.2269707780928,1
4.941972156828116,5.076146746327639,426.1575185722385,1
9.638222268227196,4.614369673533872,333.073545745888,1
7.337399849697425,4.981833942925027,278.36117692577403,1
7.036752103833548,3.735204450885166,333.073545745888,1
7.036752103833548,3.2919428728664184,333.073545745888,1
8.257596524670312,4.528574925440666,235.7709818536182,1
8.315267620031083,4.1285253608325965,333.073545745888,1
7.036752103833548,3.293848374019273,441.8267766287,1
7.171593554534841,4.62273611029743,333.073545745888,1
6.941278904431053,4.178959771570964,325.5158572423616,1
7.036752103833548,3.9792968666884017,290.31103360347373,1
6.888547603133792,2.901432044137745,284.8857433176288,1
6.8331110185961625,3.02157359521932,302.5353706368913,1
8.247958056143684,4.723230705859027,281.2298526036668,1
8.922379799883824,5.821825990151662,334.05369272449525,1
7.3560567780554384,4.549916839518295,283.5095825426214,1
7.036752103833548,3.893326831733837,424.30212248301314,1
9.75270322651984,3.4221104746990925,298.0824622588364,1
6.844141767435719,3.412853174713619,333.073545745888,1
6.910765112184391,4.340148944480579,440.6355091006933,1
8.80184604561893,4.031495952782075,263.4827277048108,1
6.283103588064353,2.663920733696861,328.5035150170476,1
6.35403811007823,4.935240394248478,411.2852513442516,1
5.928767339528974,3.592912289891955,400.16416090223504,1
6.8236420060869065,3.386362671790524,333.073545745888,1
7.342231249416264,4.261504364251519,300.4059237025969,1
7.14601971618829,5.393476357423515,333.073545745888,1
5.089387791182689,3.0540452006756715,333.073545745888,1
8.594217251084952,4.48954479397793,257.1486503886936,1
8.149437297610588,4.949257360747264,360.4140049696167,1
9.271578532993324,3.549608409738088,244.0862569192538,1
7.021617480943761,3.855636250178683,380.8040539816352,1
7.83336100102891,4.27097313834306,393.1378719260449,1
6.643734375617576,3.920607408198088,340.9755587238,1
6.761413709046804,4.350206872394596,343.60110432437847,1
7.243482154402432,4.763578511529136,333.073545745888,1
7.990658238533358,3.160917458532662,333.073545745888,1
7.612516822631869,2.93959347170948,356.690173623383,1
6.080992868571669,2.091786839914147,318.72275070403447,1
7.888424514936055,2.998065930668415,333.073545745888,1
6.658833571629886,3.969740440383512,355.89689043857345,1
7.036752103833548,3.210752658318472,274.97527954788336,1
7.222997560406464,3.966258509567033,333.073545745888,1
7.036752103833548,3.1256087009088547,290.3322859869327,1
6.427720560503044,2.9044533996755977,376.2826172102236,1
5.023380783822836,4.477351412174476,409.918701703617,1
7.036752103833548,3.789195950500151,318.92656404790614,1
8.163999617620284,3.67308809381557,231.72422478606265,1
7.036752103833548,3.537040784668471,310.53283662626154,1
5.272156458908084,4.063825853972672,446.72401618621694,1
6.903074330528872,4.473887010766568,333.073545745888,1
7.46655835764527,4.991674870778567,366.6013443443686,1
7.397650662541773,3.0784787878788222,361.1131994106313,1
7.036752103833548,4.1135850300896575,252.06726719561703,1
7.036752103833548,3.4065631996849204,358.69723017088404,1
5.53953369002387,3.755660187275043,390.55415582288856,1
7.376161138266742,4.0102353937852335,388.0285172172496,1
9.318613915632229,4.642719286485374,357.1672167520999,1
6.701940911688224,4.179449580997948,330.67472866893206,1
5.5475762631029415,4.448670726124141,378.5261414207784,1
9.001822865226588,3.976873452391297,355.00642596995027,1
9.130768886836288,4.771443754534465,352.1532144022425,1
4.077920470156396,4.78905205310489,333.073545745888,1
7.1252110755305536,3.9080753459125,320.50094487053195,1
13.54124023656798,3.52919095680354,333.073545745888,0
7.171223722909929,2.2090917998705097,351.2781335939347,0
7.036752103833548,4.410673878237046,358.4297742923782,0
6.977744099966936,3.5306226939577465,353.3399191360228,0
6.357166719993876,5.222077291311566,333.073545745888,0
7.036752103833548,4.464243686429189,297.748867080222,0
8.339436756896689,4.133696121710745,333.073545745888,0
6.276956510097866,3.214286497191318,333.073545745888,0
10.94747263615245,3.112317481644133,333.073545745888,0
9.87179123237563,3.652263830808236,340.0462976098619,0
4.317187353941982,4.078277144763918,325.93367938915185,0
4.227537385918204,4.479628314203464,374.8435383456557,0
4.140077138692398,3.1675825705584386,265.4687493853259,0
5.349997296912594,3.838721385483184,327.23338838007214,0
7.578014307935787,3.503818511432529,333.073545745888,0
7.710137890814498,3.8986708026972754,269.8597989013723,0
8.330743318988178,2.408049128547934,304.2938476680788,0
6.510972334665771,3.9625251101758447,368.9857394224101,0
7.036752103833548,4.128746146713473,353.52938148613,0
6.9343105827538345,4.210975272536809,281.55211646037054,0
8.618653849249895,4.141341848770995,333.073545745888,0
8.460963963587503,4.728493823388889,333.073545745888,0
4.004248332658408,4.445946435865923,333.073545745888,0
3.762097646306431,4.986069330213056,324.14624007730816,0
3.795132905042617,3.1850831676181475,333.073545745888,0
5.660736311071097,5.016187558860874,294.21031700966626,0
9.396148399484137,4.606058055039483,301.6150638266122,0
13.349888560662292,2.5310748546478967,334.8640702266072,0
7.036752103833548,3.776099720401672,322.6805823936887,0
7.8179012805146595,4.622667687389199,287.6984809266881,0
7.036752103833548,4.266869045131157,333.073545745888,0
1.4317815547427415,4.948442555998784,319.7341364581184,0
6.970036693982143,4.27528772019042,376.9519324705832,0
10.851860346886728,4.345012724758552,333.073545745888,0
6.588007289609895,4.216454466143605,273.7366439273952,0
9.004352169514855,3.5278934709486345,333.073545745888,0
7.036752103833548,4.374332547150972,333.073545745888,0
4.328282515586857,3.7085258632452858,327.3033652169702,0
7.417823926645138,3.4708120786488497,336.0979810601016,0
3.2616697873910208,4.280669331366605,333.073545745888,0
7.036752103833548,4.742163225987996,259.1221313561398,0
7.928831288871604,3.413572942692293,333.073545745888,0
7.97532990104869,3.306129016543918,383.2666553835232,0
9.504157787679786,4.343041372691288,300.67952794259867,0
5.158722568170486,4.094605278206265,407.4768487074137,0
3.923473633078401,4.582982365865108,333.073545745888,0
7.036752103833548,3.6732395577842394,358.9565650059465,0
5.849778285365157,3.643815887541561,277.0330189335624,0
5.890870358820865,4.370776559745803,343.7916030051521,0
5.963479205038237,3.7278133228957,305.94701245357066,0
6.106759636289104,3.924967064282447,348.7767188361151,0
6.898932481849855,3.688455553387866,293.56201977789726,0
8.091812332148193,4.370031238360665,333.073545745888,0
7.611982388879645,6.494748555990993,329.5806789162711,0
8.88697933200267,4.731195077016265,327.2235799140059,0
6.532097273862361,4.599324041143387,402.836817024057,0
7.833980482334359,4.254477177044036,394.89080921262985,0
11.563169064627823,5.107236013970264,332.4464897935947,0
6.782868548051976,5.468590847062822,312.4265913272513,0
8.288765459923367,3.5805234612779118,360.8433114643932,0
0.975577989772022,2.533996269917253,333.6778429254695,0
7.528980405257183,3.644409765433974,309.23124664725515,0
9.764658133573889,3.0245711775061466,380.2306339146789,0
10.19166523931888,3.403422697598267,297.04906565566296,0
2.9251743203391,3.678588221192268,303.40207845554824,0
7.036752103833548,3.027946496632832,347.5414185342514,0
6.657793590506106,3.868925701517684,363.3979300571846,0
7.005230139691345,3.589865760483302,333.58372260341633,0
7.036752103833548,3.761633184058843,357.0828184487795,0
6.227841921598111,4.599573326595357,333.073545745888,0
6.3927604591582,4.421528142053679,283.20551707712696,0
6.088022489133808,4.173083496432676,372.8350811188352,0
3.9613890465892574,4.09296589972163,391.00229976494296,0
4.275159672976756,3.7328560505383,281.8968271540717,0
7.301903491347546,3.4306991879662263,280.12948490340096,0
10.893484732796878,3.6349703957714343,312.39933537243337,0
6.798097459929966,3.571622599227372,333.073545745888,0
11.496702452694173,3.132253296074809,311.9650932551045,0
5.808238633928169,4.819063730480007,281.9189182328986,0
7.036752103833548,4.886633785371213,333.1194758732444,0
5.67933046540694,3.292071094767518,333.073545745888,0
7.783305612895872,5.045619628382069,331.0367762779284,0
6.316470521496127,4.902735485533553,314.2083463145692,0
8.605374455470146,3.665323340605604,333.073545745888,0
7.036752103833548,5.185641934752974,369.86267151850336,0
7.057552645613959,4.486402626885769,367.32853334861136,0
4.850104171409935,3.8853855181381753,293.75792693247007,0
7.036752103833548,4.775120946563509,333.073545745888,0
4.5609165358431625,4.1236217363003,352.79352781641967,0
9.130828108445352,3.074134304700189,326.39457684376686,0
7.036752103833548,2.840893065983159,355.5673662722738,0
4.233558617035277,3.5156720788235405,377.84690251994647,0
5.571019711316263,3.931306748154382,361.8555486279918,0
7.036752103833548,4.825701798028204,409.5863729956303,0
8.52714249773106,2.649423905095601,337.63107330577736,0
4.570854412606884,4.484185987055187,333.073545745888,0
8.90373377508948,4.365169641644011,323.42436241769934,0
9.459930509926664,3.322889737953824,293.7463205417181,0
6.040281662132799,5.7615803220339,357.5932768662421,0
7.036752103833548,3.9789326559790976,367.1895141663502,0
4.66349219217203,3.742293454202677,362.4154187173416,0
5.726336215779158,3.912289081846988,378.7746045945564,0
10.933110723500878,3.89498862443327,333.073545745888,0
4.281522088672812,4.3711671683417785,325.1608189718765,0
7.9484883721691055,3.891124346326485,333.073545745888,0
6.825647036962729,2.8044803845141923,393.7986481897202,0
7.285371191083492,3.6944820469170487,394.0924239939014,0
5.984941214650305,3.4886752740390854,364.7063936622218,0
5.368988344377341,3.737882779977894,277.15193765979086,0
4.016590232603383,4.417134152553989,290.69066132670605,0
7.036752103833548,3.170543086971916,333.073545745888,0
7.719000805137069,2.8848187710564264,345.65366218004084,0
5.9837312940398855,3.849382769796561,316.7789989670846,0
7.732601708635223,3.854993745978746,333.073545745888,0
8.847880710565029,4.143450991614013,380.59249104930217,0
7.561832947775752,4.03215034240876,328.7026297047232,0
8.75856005645011,4.444375641530267,333.073545745888,0
7.036752103833548,3.228379217091306,382.0094766356869,0
3.832917408963562,4.768660397450635,352.5058975751752,0
3.730128006866974,4.943032174246396,323.5204705490758,0
5.801571267427695,4.42537756358649,328.93258536876385,0
3.678431807207628,4.480108576205011,333.073545745888,0
5.143587480040672,3.0961644901713825,328.43743041703715,0
6.6282561973074925,4.464457184096776,342.0159239506881,0
7.036752103833548,4.762871709109083,321.81403250426115,0
3.1020755653395566,4.2480753693420485,324.64407957923544,0
4.497585145008658,4.965738556348034,330.4307003631261,0
5.584124358081074,3.852731892748421,310.6602841265498,0
7.036752103833548,4.858164685873184,397.4696780705473,0
10.33127327592513,2.67344087146352,361.15617848879424,0
9.13079589890256,3.0257073692803504,333.073545745888,0
4.618850846633238,4.322115889209005,371.0568606330706,0
6.931244178141836,4.89795711765109,313.8197130852326,0
5.602158585181398,4.067048744823668,333.073545745888,0
7.520518926663479,4.227765963772117,333.073545745888,0
5.58246981997149,4.048113258131365,364.4834216194262,0
7.992749619333389,4.062907043028831,332.4687554468501,0
8.210357972710824,3.716663875021242,333.073545745888,0
9.901930594363924,4.226949553930562,333.073545745888,0
7.036752103833548,3.732339331231006,361.1549510894291,0
9.405875050804864,4.033733317238236,333.073545745888,0
9.58789502997377,4.666916974276835,366.4289275690143,0
4.633202516472866,4.751858815287916,304.0317762783531,0
6.901111019881917,3.61649834167658,376.0010706778945,0
7.79555762878438,3.629252282459239,426.5000221524479,0
7.036752103833548,4.59253797924015,299.08641790230433,0
0.0,4.928839979650702,333.073545745888,0
8.398261060278296,2.627862469966988,333.073545745888,0
6.255149748918091,3.146482535996279,367.3445340402844,0
11.496858885301972,5.005193167286548,325.40934121797244,0
7.036752103833548,4.008443471887594,263.8764707538205,0
9.347344621102474,3.615151099257613,322.04466679436683,0
11.62114013448698,3.472067461528145,333.073545745888,0
10.337670863581334,5.063108914843383,356.1796373224695,0
7.036752103833548,3.954964291727349,359.7013518286503,0
5.287982807934926,3.3110340047208244,238.8440036875379,0
7.617524134239115,3.6983173972917056,329.4224141796441,0
7.149124567592087,3.787033414567679,302.00274315475485,0
8.651389726569342,3.2664097400709085,419.2163045218507,0
5.290004370919174,3.532322498228877,317.0164645744724,0
5.369584180846635,3.3574844355981,376.0556372888353,0
8.74727152353787,4.764707507859535,333.073545745888,0
8.040392261051977,3.017795963114114,356.8700406041423,0
8.550427814830229,4.903869628421024,326.1254822387365,0
7.739325711303171,3.645785495110913,289.41363611779786,0
7.104594898620113,4.76305799060742,361.6291871075997,0
6.988206154718959,1.8996830017290975,333.073545745888,0
7.869781869538917,4.219575577587189,333.073545745888,0
8.859696040242188,4.575331195431778,332.3499485755732,0
7.397544009543939,3.9471378883607935,387.1903037447218,0
5.174896031870469,3.4450280799498847,365.684400622355,0
7.036752103833548,5.03749221567298,333.073545745888,0
5.47098182179818,3.84401987082408,323.1200361720617,0
6.711814601241559,3.41364670316115,333.073545745888,0
4.933106138281651,1.45,317.9354106889351,0
6.260891633792807,4.3973861916141885,341.4980435868673,0
7.693555234691673,2.7506959054782114,275.2719704299378,0
5.622807134660068,3.9929569014268287,336.6482070230618,0
6.174884306431656,3.623297792732569,340.2533541616699,0
5.039406776379789,3.1269559002913,339.2321258939885,0
7.756939183465604,3.8703388472536906,333.073545745888,0
9.809996386872031,5.538200508227339,361.0280385830217,0
8.4795927987054,4.221265968887627,333.073545745888,0
8.862867931189149,5.758675718947986,356.48189007419467,0
6.15573862424869,3.68597582848833,333.073545745888,0
7.287286375124328,3.504265054731857,277.32971312716325,0
9.065894193686976,4.2995025459430085,304.56753698840583,0
9.314522391908303,3.092940473017639,297.5667642274756,0
9.759937780953084,5.381745881823552,333.073545745888,0
7.985406393829891,4.752451739071304,296.5698232617678,0
8.108350799116819,4.7533581835009855,323.9518054321616,0
8.24309098646176,3.5507168314887294,333.073545745888,0
10.289379606190511,3.500166975577911,344.1876100515173,0
3.98903207830178,4.409414175563279,309.80079638709793,0
7.036752103833548,3.832478702926656,333.073545745888,0
8.519639042501984,3.4272514067406243,333.073545745888,0
7.036752103833548,3.882003963008942,333.073545745888,0
7.036752103833548,4.64778224578437,340.3657548885643,0
4.495357678948128,4.962899585062542,296.3142195689081,0
7.036752103833548,3.878664155467921,333.073545745888,0
5.620533436430034,3.4394758481933128,309.2280913221311,0
8.552993664768604,3.108673907255499,333.073545745888,0
7.036752103833548,3.860347610223498,303.49867186042536,0
10.209955798031316,4.112597751648249,390.61901328956753,0
7.036752103833548,2.5456313453594457,331.67464974935143,0
6.588207965322447,3.972255856460901,333.073545745888,0
8.558388775285017,3.9462277186114703,321.4034765037299,0
8.42690635667539,4.244513927400452,344.14513049090107,0
7.207538608272426,4.295189193307992,333.073545745888,0
10.227689694262509,4.786329820343955,313.98734272068555,0
11.39054310956363,2.2773586319376298,333.073545745888,0
7.036752103833548,3.216414002404394,341.0883416259164,0
6.580043295312247,4.756446279122354,333.073545745888,0
10.81783107643296,3.5908411283530883,389.39289728587903,0
5.093675134769971,4.552571441876335,267.0260928274,0
5.26428380172951,5.100239664952599,416.2627986734816,0
7.971298747449369,2.439140008548254,405.8298937913429,0
8.3503510398453,3.507227581181632,272.8447146597404,0
7.036752103833548,3.351766902910961,392.4621987043338,0
4.032060533561112,4.8142350960663,333.073545745888,0
2.1285314339651724,3.842109416766354,383.5198922141514,0
9.842056293598295,4.179197763329108,333.073545745888,0
7.664628096551665,3.4874068798248765,406.4761192954583,0
7.036752103833548,3.1983438599807616,301.84878612891976,0
7.260319681766154,4.282314756372282,394.55583487077706,0
9.537878628968349,3.0245566409360234,303.91934120728524,0
1.985383359263048,3.923093197436791,344.0142562201914,0
7.24899119805637,4.255979651269639,322.3656611110505,0
6.96820896010586,3.632643889529804,337.06494977222525,0
6.150553015211817,4.810537179481996,319.4949519195244,0
6.300755509276121,5.708111882566888,341.4930241478503,0
6.920799599365547,4.915733469336812,333.073545745888,0
6.481890279167193,5.002360532741289,338.0123232135529,0
7.036752103833548,4.454964342104219,310.98563367595887,0
7.309596473979961,4.048202462876381,306.68545533280894,0
5.9672742278667465,3.914543611457913,339.0637148109293,0
8.631270000435086,3.64094400316757,350.951581415931,0
9.1726245193336,3.686395201554108,372.5547130986511,0
7.036752103833548,5.564901543179248,334.9560998008146,0
3.3376289979634506,3.3001918826882606,333.073545745888,0
11.449739296302305,5.166903483042415,321.83151256825505,0
6.283678794634559,4.480771310094809,284.20602148145,0
7.036752103833548,3.543696299058859,333.073545745888,0
8.76176840475976,4.673547854912695,333.073545745888,0
6.616730690411597,3.622379241574248,333.073545745888,0
7.734569203344947,3.821455974564911,333.073545745888,0
6.971577181951132,3.2263485005753423,349.7438791134752,0
4.7091867471804845,3.860083951626073,407.4179772431136,0
5.230003189525934,3.045612105934353,413.9140005224453,0
5.274185389589794,4.364426391731812,358.589902963265,1
8.43344310417292,3.8247341378467112,327.5332764554875,1
6.847863211692964,4.9211957300136175,334.87304622000903,1
7.263545070215379,3.9505297370836048,328.4471744701351,1
6.733266882930834,3.765693648104585,333.073545745888,1
7.036752103833548,3.691946509639444,341.0395800188736,1
7.036752103833548,3.399725616068605,333.073545745888,1
7.77766536646659,4.683334812674568,323.5380551409755,1
6.103731304612343,3.383048919634983,333.073545745888,1
6.665774201161871,4.903553219156194,337.1737674114045,1
7.036752103833548,3.757799099489597,333.073545745888,1
4.959852811105887,3.455044818343884,379.5047314584776,1
6.397905013801276,3.958543451376229,375.4944742675054,1
8.1403444634267,4.362792108070999,306.21895013230574,1
6.8506254182690025,2.593833679642705,333.073545745888,1
6.714776879687881,4.684853470075885,360.5082369923493,1
4.33711946912069,4.401635259788382,374.07277211083584,1
8.433290823974154,3.631542932175278,300.1190003614004,1
7.274212566762742,4.710256299762649,304.84997882356305,1
6.579184951031363,3.813556320666148,379.0407087826762,1
7.036752103833548,3.4531255004247314,379.75859394933474,1
8.651023362891474,3.644278971793858,335.244783435716,1
8.35761299314161,4.366242227773332,317.30168011128416,1
7.036752103833548,3.5225861734964283,340.34864524416366,1
6.658741558086449,3.400987615145624,330.517558442994,1
10.503786538570878,5.370457701027556,333.073545745888,1
6.332386866369147,5.159001749466259,326.98047591959875,1
7.036752103833548,4.238535197148056,294.24139203227435,1
6.730427772496591,3.961942034758809,345.0719543705598,1
8.297783199991656,4.239220571845264,322.09584868920666,1
6.259267532952487,3.9321419587747375,320.3597655205257,1
8.076126298096359,4.291355257945636,314.9704947186873,1
5.7310421388707296,3.675807027324031,380.5140788236188,1
6.563356596837224,5.2929501812464,333.073545745888,1
5.303764336866174,4.024520850722231,388.8020447777728,1
7.647871554133575,3.0786727238215774,333.073545745888,1
7.036752103833548,4.678745035353083,275.3319596291253,1
7.951451170491509,3.886882385706481,344.7956808751977,1
8.832142260904973,3.9145118853536345,321.2576280918061,1
8.250830009047863,2.6047078453451737,305.1774258909188,1
5.860574154812488,4.277241101939487,351.0497931272329,1
8.182103306174486,4.605237762146883,333.073545745888,1
7.889579344955965,3.2273600819458808,294.26007624014994,1
8.713482927093239,2.9221949791917066,333.073545745888,1
6.1859248920520455,4.090264381918475,374.09538796904826,1
9.079715109457624,4.551724493755741,254.04097685166928,1
8.379512703256566,3.749818066435525,333.073545745888,1
9.221955642445518,4.294251987225159,294.1927544599376,1
9.370696575357568,4.3807969416857615,316.39197399236394,1
7.487573363881187,1.8013269989752103,333.073545745888,1
6.02834878509831,3.142083954421776,365.9617110979725,1
6.283318586962638,4.153989991461673,333.073545745888,1
5.6664461454272965,3.836823301450685,320.264283097194,1
6.985303737450439,3.0817990077044746,339.05399154651894,1
7.273368228315567,4.196421036326544,337.6445728128531,1
7.449659685994515,4.3704044218054285,337.1350460197836,1
7.618119571705241,3.769699537275837,338.0700701223717,1
6.698153869013519,3.758179651015044,360.2328340727244,1
7.027296860302588,3.3926664230795134,327.2217335571169,1
8.610963031730751,4.614400405414759,264.0528385406219,1
7.423586011645774,3.36539749533764,303.79013417198775,1
5.4566808884538265,3.799472548553733,355.0828780755433,1
9.612898964310972,4.016409562458125,311.2961574212913,1
8.246919870565435,4.09661966700433,333.073545745888,1
6.641174116155328,3.1547011218912004,380.3635902410986,1
6.646067269769524,3.0539831208747548,333.073545745888,1
7.16447829539951,4.998203434951813,333.073545745888,1
8.2850715273713,4.2746613334345,303.08183839259914,1
6.110022205951552,2.817780458184422,348.05521141913346,1
8.316663722070082,2.695799697002897,333.073545745888,1
7.036752103833548,1.922376882636882,367.3265855889259,1
9.004680613392885,3.7750149839256855,333.073545745888,1
6.886512603355119,3.5997564926270806,333.073545745888,1
9.293621613337674,3.661882213528828,333.073545745888,1
6.985192202008131,4.246201594896596,341.2399070951627,1
5.0941643608551495,4.710936484050327,350.1012753723271,1
6.150034400886871,3.4444424918515057,358.591737823466,1
6.189699260391608,3.027371480146623,366.5011179434794,1
7.497987814888167,5.738991024993494,333.073545745888,1
6.965279871760655,3.969318295936528,307.75921070146586,1
5.412119544524241,5.680346586753336,333.073545745888,1
7.503085765108365,4.3055136249312,315.97414706420983,1
7.036752103833548,3.9931257417734862,350.0603473919764,1
8.581042820709179,2.883145376777557,312.88512715213324,1
5.530055021165576,3.3274721394344917,360.07071470275,1
8.743958544661181,4.118973080180648,310.6771997341817,1
9.05238368979066,4.259719451958118,285.2335275807391,1
8.077260885586492,4.279871302319948,317.6933311873576,1
6.682097358751442,3.449829469695713,363.5369835442963,1
4.73132007599374,5.457892224487644,333.073545745888,1
9.24141997355796,4.718850871201126,281.9956396347743,1
5.628313271623295,4.061644660822068,343.0395092663153,1
4.857802623979042,3.966570844524399,320.3945294476844,1
8.430471661964157,3.2539204326522717,314.7278354716577,1
6.817608380056349,3.0482920601678845,340.9376137555241,1
5.913755319868532,4.023775901625008,347.88037185456227,1
7.036752103833548,2.674040012344625,336.062445716466,1
5.500276575154884,5.147535911439108,366.94274325444985,1
5.608623152458352,3.7775082665636655,366.86653313121207,1
5.609235358941159,3.2246755179341866,355.2116784880666,1
7.036752103833548,4.119087300328971,296.843207792478,1
5.859822103560279,3.4266340746155777,391.6973848495021,1
6.417716046874316,4.210327061428602,321.3821240402445,1
6.170526139416932,3.652207496311435,333.073545745888,1
4.03406341143777,5.024742306559979,333.073545745888,1
4.979468811483327,3.43902165089796,333.073545745888,1
8.097453770731768,4.279082403805938,333.073545745888,1
7.036752103833548,3.345543355479072,333.073545745888,1
8.468741062907595,2.876995630567156,345.00073466919486,1
7.870853412371953,4.221613951476428,333.073545745888,1
7.679595096300121,3.297525234337058,290.74033731355274,1
7.226592711428238,4.337116898531741,354.7083820209171,1
7.036752103833548,3.0659103715095384,333.073545745888,1
8.659113026830287,2.89577427975715,333.0272047391256,1
7.036752103833548,3.855894987146472,366.2015834276569,1
6.360195819161054,2.713248378640136,338.4095763525792,1
10.485603647205735,4.669239858306086,276.92183480609395,1
6.603416523303387,4.270816603915842,380.73190107021526,1
5.713322920959069,4.571127866112447,347.5875833311708,1
4.767472454756443,3.893377807689793,333.073545745888,1
9.609834364508853,4.308357589285532,314.31748108982003,1
9.186453377063309,3.4538614564722643,333.073545745888,1
9.960689857533172,3.4345384628517905,301.77725263475696,1
6.10230679390867,4.280766477746642,333.073545745888,1
6.79265509816682,1.9177543925715308,338.5211762965584,1
5.91053973772753,4.007508147814352,385.8874682700468,1
6.125810325429851,4.9530576907486665,369.0227150459364,1
5.83610452509449,3.738990829291201,400.16759862891433,1
7.036752103833548,4.3316909034515,333.073545745888,1
10.667363934157889,4.135568909483627,276.63439102605554,1
8.628301074066663,5.1008578541361445,333.073545745888,1
6.260111289935809,5.403614891830472,340.7925739514669,1
10.808156938842764,4.362542226660023,304.6220612044535,1
7.371914155906743,4.338957325879694,324.54626205550505,1
4.825591458154621,3.46309715357363,370.4168310285955,1
4.86882713540531,3.2556001735668643,333.073545745888,1
7.395450846886257,4.990235633377976,294.03039494556964,1
8.862112709633287,4.955081792660148,340.13316533016723,1
6.008973609999536,4.012340383352797,336.11899995503416,1
7.607223911235492,3.5250271306094576,312.0560664594202,1
6.683367696720804,5.208061134164884,336.5551001437835,1
6.638411449233408,5.164056620303689,333.073545745888,1
9.271355446767778,4.333952897530932,309.2388651146156,1
7.036752103833548,3.699558048485045,333.073545745888,1
3.629922064880713,4.754826393219847,366.96787330342215,1
8.378108022890373,4.524692969777054,319.47718727518304,1
6.923636014423605,4.0133388007039175,332.23217745927707,1
5.893103407526232,4.390701603798026,341.2563620337964,1
8.197353369384867,3.3618333238544555,328.88683761881884,1
8.37291028476714,4.906358241363542,333.073545745888,1
8.989900090557086,4.613842848013146,312.93102150370726,1
6.702546553103828,3.442983035168171,304.51023012856194,1
11.491010908391427,4.369264314437881,258.930600411521,1
6.069615757057698,3.669711703641994,345.70025733716403,1
4.668101687405915,4.4358209095098,359.94857436696,1
7.808856017557415,2.7982428424180505,333.073545745888,1
9.41951031641321,3.298875498646556,333.073545745888,1
5.126762923351532,4.708658467526655,333.073545745888,1
7.874671357791283,2.309149056634923,333.073545745888,1
